timestamp,timestamp_absolute,timestamp_iso,cpu_cycles,instructions,cache_references,cache_misses,branches,branch_misses,page_faults,context_switches,cpu_utilization,cpu_user_time,cpu_system_time,cpu_nice_time,cpu_iowait,cpu_irq,cpu_softirq,cpu_steal,cpu_idle,memory_usage_percent,memory_available_gb,disk_io_read_mb,disk_io_write_mb,network_bytes_sent,network_bytes_recv,process_count,load_average_1min,load_average_5min,load_average_15min,instructions_per_cycle,cache_miss_ratio,branch_miss_ratio,cpu_efficiency,sys_cpu_user_seconds,sys_cpu_system_seconds,sys_cpu_total_seconds,sys_context_switches,sys_processes_created,sys_procs_running,sys_procs_blocked,collection_interval,time_delta_seconds,vm_hostname,core_count
0.0,1757535467.0404737,2025-09-10T16:17:46.038224,0,0,0,0,0,0,0,0,56.999999999975934,56.49999999997609,0.0,0.0,0.0,0.4999999999998419,0.0,0.0,43.000000000024066,25.2,8.886333465576172,0.0,0.0,0,0,330,3.91552734375,2.7470703125,1.595703125,0.0,0.0,0.0,0.5649999999997609,2.26,0.0,2.26,236,0,3,0,1.0,1.0003457069396973,fedora,4
1.0,1757535468.043746,2025-09-10T16:17:47.038224,0,0,0,0,0,0,0,0,55.13784461154265,54.385964912294504,0.0,0.0,0.0,0.501253132832269,0.0,0.2506265664158674,44.86215538845735,25.2,8.886333465576172,0.0,0.0,0,52,330,3.91552734375,2.7470703125,1.595703125,0.0,0.0,0.0,0.543859649122945,2.17,0.0,2.17,188,0,4,0,1.0,1.0001301765441895,fedora,4
2.0,1757535469.046307,2025-09-10T16:17:48.038224,0,0,0,0,0,0,0,0,55.49999999999209,54.2499999999915,0.25000000000043565,0.0,0.0,0.4999999999999831,0.0,0.5000000000001608,44.50000000000791,25.2,8.886333465576172,0.0,0.0,0,73,330,3.91552734375,2.7470703125,1.595703125,0.0,0.0,0.0,0.5449999999999193,2.17,0.01,2.1799999999999997,260,0,2,0,1.0,1.0002171993255615,fedora,4
3.0,1757535470.0495756,2025-09-10T16:17:49.038224,0,0,0,0,0,0,0,0,57.00000000000674,56.00000000000708,0.24999999999982858,0.0,0.0,0.5000000000000124,0.0,0.24999999999982858,42.99999999999326,25.2,8.886333465576172,0.0,0.0,0,125,330,3.841796875,2.75146484375,1.603515625,0.0,0.0,0.0,0.5625000000000691,2.24,0.01,2.25,215,0,3,0,1.0,1.0000824928283691,fedora,4
4.0,1757535471.051967,2025-09-10T16:17:50.038224,0,0,0,0,0,0,0,0,55.889724310766624,55.63909774435061,0.0,0.0,0.0,0.25062656641601777,0.0,0.0,44.110275689233376,25.2,8.886333465576172,0.0,0.0,0,0,330,3.841796875,2.75146484375,1.603515625,0.0,0.0,0.0,0.5563909774435061,2.22,0.0,2.22,168,0,4,0,1.0,1.000093936920166,fedora,4
5.0,1757535472.0543132,2025-09-10T16:17:51.038224,0,0,0,0,0,0,0,0,54.86284289277596,54.11471321696521,0.0,0.0,0.0,0.49875311720711374,0.0,0.2493765586036455,45.13715710722404,25.2,8.886333465576172,0.0,0.0,0,52,330,3.841796875,2.75146484375,1.603515625,0.0,0.0,0.0,0.541147132169652,2.17,0.0,2.17,175,0,5,0,1.0,1.0001139640808105,fedora,4
6.0,1757535473.057557,2025-09-10T16:17:52.038224,0,0,0,0,0,0,0,0,56.1097256857853,55.361596009974846,0.0,0.0,0.0,0.49875311720700133,0.24937655860345637,0.0,43.8902743142147,25.2,8.886333465576172,0.0,0.0,0,0,330,3.841796875,2.75146484375,1.603515625,0.0,0.0,0.0,0.5536159600997484,2.22,0.01,2.23,188,0,3,0,1.0,1.0001194477081299,fedora,4
7.0,1757535474.0599928,2025-09-10T16:17:53.038224,0,0,0,0,0,0,0,0,56.24999999999798,54.999999999997996,0.0,0.0,0.0,0.4999999999999236,0.0,0.7500000000000631,43.75000000000202,25.2,8.886333465576172,0.0,0.03125,132,413,330,3.841796875,2.75146484375,1.603515625,0.0,0.0,0.0,0.54999999999998,2.2,0.0,2.2,201,0,4,0,1.0,1.0001039505004883,fedora,4
8.0,1757535475.0640173,2025-09-10T16:17:54.038224,0,0,0,0,0,0,0,0,56.71641791044634,55.47263681591832,0.24875621890599278,0.0,0.0,0.4975124378111018,0.0,0.4975124378109251,43.28358208955366,25.2,8.886333465576172,0.0,0.0,66,298,330,3.77392578125,2.755859375,1.611328125,0.0,0.0,0.0,0.5572139303482432,2.23,0.01,2.2399999999999998,203,0,3,0,1.0,1.0001192092895508,fedora,4
9.0,1757535476.067509,2025-09-10T16:17:55.038224,0,0,0,0,0,0,0,0,59.798994974871015,56.783919597987264,2.5125628140698475,0.0,0.0,0.5025125628138981,0.0,0.0,40.201005025128985,25.2,8.879936218261719,0.0,0.0,0,218,335,3.77392578125,2.755859375,1.611328125,0.0,0.0,0.0,0.592964824120571,2.27,0.1,2.37,411,12,1,0,1.0,1.000154733657837,fedora,4
10.0,1757535477.0703907,2025-09-10T16:17:56.038224,0,0,0,0,0,0,0,0,52.750000000010544,49.250000000010544,2.7499999999998637,0.0,0.0,0.5000000000001206,0.2500000000000159,0.0,47.249999999989456,25.3,8.872486114501953,0.0,0.0,0,0,335,3.77392578125,2.755859375,1.611328125,0.0,0.0,0.0,0.520000000000104,1.97,0.11,2.08,511,12,1,0,1.0,1.0002210140228271,fedora,4
11.0,1757535478.073605,2025-09-10T16:17:57.038224,0,0,0,0,0,0,0,0,56.39097744361817,47.619047619057284,7.769423558896646,0.0,0.0,0.7518796992480855,0.0,0.2506265664161472,43.60902255638183,25.4,8.858097076416016,0.0,0.0,0,125,335,3.77392578125,2.755859375,1.611328125,0.0,0.0,0.0,0.5538847117795394,1.9,0.31,2.21,937,36,5,0,1.0,1.0004303455352783,fedora,4
12.0,1757535479.0781755,2025-09-10T16:17:58.038224,0,0,0,0,0,0,0,0,61.845386533653375,50.62344139649725,9.725685785535543,0.0,0.0,0.7481296758102491,0.24937655860350497,0.49875311720683274,38.154613466346625,25.5,8.843894958496094,0.0,0.0,0,73,329,3.77392578125,2.755859375,1.611328125,0.0,0.0,0.0,0.6034912718203279,2.03,0.39,2.42,963,37,2,0,1.0,1.0001556873321533,fedora,4
13.0,1757535480.081575,2025-09-10T16:17:59.038224,0,0,0,0,0,0,0,0,64.32160804020178,56.78391959799129,6.281407035175422,0.0,0.0,0.5025125628141123,0.2512562814070115,0.5025125628139337,35.67839195979822,25.7,8.826366424560547,0.0,0.0,0,125,335,3.79248046875,2.77685546875,1.62451171875,0.0,0.0,0.0,0.6306532663316671,2.26,0.25,2.51,852,29,3,0,1.0,1.000218152999878,fedora,4
14.0,1757535481.0841758,2025-09-10T16:18:00.038224,0,0,0,0,0,0,0,0,54.38596491226208,51.37844611527061,2.2556390977434733,0.0,0.0,0.5012531328319423,0.0,0.2506265664160602,45.61403508773792,25.5,8.840831756591797,0.0,0.0,0,0,330,3.79248046875,2.77685546875,1.62451171875,0.0,0.0,0.0,0.5363408521301409,2.05,0.09,2.1399999999999997,349,7,1,0,1.0,1.0002069473266602,fedora,4
15.0,1757535482.0874138,2025-09-10T16:18:01.038224,0,0,0,0,0,0,0,0,61.34663341643607,60.59850374062601,0.24937655860323588,0.0,0.0,0.49875311720682614,0.0,0.0,38.65336658356393,25.5,8.842720031738281,0.0,0.0,0,52,330,3.79248046875,2.77685546875,1.62451171875,0.0,0.0,0.0,0.6084788029922925,2.43,0.01,2.44,197,0,3,0,1.0,1.000138282775879,fedora,4
16.0,1757535483.089762,2025-09-10T16:18:02.038224,0,0,0,0,0,0,0,0,59.500000000021075,59.00000000002095,0.0,0.0,0.0,0.5000000000001323,0.0,0.0,40.499999999978925,25.5,8.846122741699219,0.0,0.0,0,0,330,3.79248046875,2.77685546875,1.62451171875,0.0,0.0,0.0,0.5900000000002095,2.36,0.0,2.36,202,0,1,0,1.0,1.0001683235168457,fedora,4
17.0,1757535484.0925784,2025-09-10T16:18:03.038224,0,0,0,0,0,0,0,0,60.59850374064866,59.102244389027014,0.24937655860398297,0.0,0.0,0.7481296758105314,0.2493765586034957,0.24937655860362856,39.40149625935134,25.4,8.85116958618164,0.0,0.0,0,218,330,3.79248046875,2.77685546875,1.62451171875,0.0,0.0,0.0,0.59351620947631,2.37,0.01,2.38,200,0,4,0,1.0,1.0002691745758057,fedora,4
18.0,1757535485.0968475,2025-09-10T16:18:04.038224,0,0,0,0,0,0,0,0,61.654135338329674,60.90225563908189,0.0,0.0,0.0,0.5012531328319776,0.0,0.2506265664158107,38.345864661670326,25.4,8.853805541992188,0.0,0.0,0,166,330,3.64892578125,2.763671875,1.626953125,0.0,0.0,0.0,0.6090225563908189,2.43,0.0,2.43,194,0,3,0,1.0,1.0001792907714844,fedora,4
19.0,1757535486.1005533,2025-09-10T16:18:05.038224,0,0,0,0,0,0,0,0,60.80402010050674,60.30150753769248,0.0,0.0,0.0,0.5025125628142587,0.0,0.0,39.19597989949326,25.4,8.854080200195312,0.0,0.0,0,218,330,3.64892578125,2.763671875,1.626953125,0.0,0.0,0.0,0.6030150753769248,2.41,0.0,2.41,181,0,3,0,1.0,1.0001177787780762,fedora,4
20.0,1757535487.1051235,2025-09-10T16:18:06.038224,0,0,0,0,0,0,0,0,62.189054726361675,61.194029850740094,0.24875621890521762,0.0,0.0,0.4975124378107887,0.0,0.24875621890557112,37.810945273638325,25.4,8.854228973388672,0.0,0.0,0,0,330,3.64892578125,2.763671875,1.626953125,0.0,0.0,0.0,0.614427860696453,2.45,0.01,2.46,224,0,3,0,1.0,1.000162124633789,fedora,4
21.0,1757535488.1085289,2025-09-10T16:18:07.038224,0,0,0,0,0,0,0,0,59.999999999995666,59.499999999995644,0.0,0.0,0.0,0.5000000000000187,0.0,0.0,40.000000000004334,25.4,8.857357025146484,0.0,0.0,0,125,330,3.64892578125,2.763671875,1.626953125,0.0,0.0,0.0,0.5949999999999565,2.38,0.0,2.38,219,0,3,0,1.0,1.0001509189605713,fedora,4
22.0,1757535489.1108534,2025-09-10T16:18:08.038224,0,0,0,0,0,0,0,0,59.38303341902427,57.840616966582026,0.0,0.0,0.0,0.5141388174806268,0.0,1.028277634961619,40.61696658097573,25.4,8.859718322753906,0.0,0.0,0,73,330,3.64892578125,2.763671875,1.626953125,0.0,0.0,0.0,0.5784061696658203,2.25,0.0,2.25,185,0,4,0,1.0,1.0000922679901123,fedora,4
23.0,1757535490.1132119,2025-09-10T16:18:09.038224,0,0,0,0,0,0,0,0,61.75000000000983,60.50000000000958,0.24999999999989866,0.0,0.0,0.5000000000003302,0.2500000000001207,0.24999999999989866,38.24999999999017,25.4,8.862403869628906,0.0,0.77734375,0,125,330,3.4365234375,2.734375,1.62353515625,0.0,0.0,0.0,0.6075000000000947,2.42,0.01,2.4299999999999997,383,0,3,0,1.0,1.0001230239868164,fedora,4
24.0,1757535491.118679,2025-09-10T16:18:10.038224,0,0,0,0,0,0,0,0,61.84538653365388,61.09725685784382,0.24937655860323588,0.0,0.0,0.49875311720682614,0.0,0.0,38.15461346634612,25.4,8.86248779296875,0.0,0.0,0,0,330,3.4365234375,2.734375,1.62353515625,0.0,0.0,0.0,0.6134663341644706,2.45,0.01,2.46,205,0,3,0,1.0,1.00083589553833,fedora,4
25.0,1757535492.1215768,2025-09-10T16:18:11.038224,0,0,0,0,0,0,0,0,60.847880299254946,60.099750623444194,0.0,0.0,0.0,0.49875311720711374,0.0,0.2493765586036455,39.152119700745054,25.4,8.86248779296875,0.0,0.0078125,0,52,328,3.4365234375,2.734375,1.62353515625,0.0,0.0,0.0,0.6009975062344419,2.41,0.0,2.41,191,0,4,0,1.0,1.000760555267334,fedora,4
26.0,1757535493.1261013,2025-09-10T16:18:12.038224,0,0,0,0,0,0,0,0,61.74999999999063,60.49999999999075,0.0,0.0,0.0,0.4999999999999867,0.0,0.7499999999998912,38.25000000000937,25.4,8.86248779296875,0.0,0.0,0,0,328,3.4365234375,2.734375,1.62353515625,0.0,0.0,0.0,0.6049999999999075,2.42,0.0,2.42,190,0,3,0,1.0,1.0001566410064697,fedora,4
27.0,1757535494.1285706,2025-09-10T16:18:13.038224,0,0,0,0,0,0,0,0,61.25000000001227,59.50000000001182,0.25000000000052136,0.0,0.0,0.49999999999997696,0.0,0.9999999999999539,38.74999999998773,25.4,8.86248779296875,0.0,0.0,0,218,328,3.4365234375,2.734375,1.62353515625,0.0,0.0,0.0,0.5975000000001234,2.39,0.01,2.4,187,0,3,0,1.0,1.0001792907714844,fedora,4
28.0,1757535495.1318233,2025-09-10T16:18:14.038224,0,0,0,0,0,0,0,0,62.15538847117536,60.6516290726789,0.0,0.0,0.2506265664160602,0.7518796992480915,0.0,0.5012531328322984,37.84461152882464,25.4,8.86248779296875,0.0,1.0703125,0,166,328,3.4013671875,2.7392578125,1.63134765625,0.0,0.0,0.0,0.606516290726789,2.42,0.0,2.42,234,0,3,0,1.0,1.0001897811889648,fedora,4
29.0,1757535496.134412,2025-09-10T16:18:15.038224,0,0,0,0,0,0,0,0,58.10473815461177,55.36159600997406,1.745635910224037,0.0,0.0,0.4987531172069942,0.24937655860345284,0.24937655860323132,41.89526184538823,25.2,8.88473129272461,0.0,0.0,0,218,328,3.4013671875,2.7392578125,1.63134765625,0.0,0.0,0.0,0.571072319201981,2.23,0.07,2.3,295,6,5,0,1.0,1.0001106262207031,fedora,4
30.0,1757535497.1421468,2025-09-10T16:18:16.038224,0,0,0,0,0,0,0,0,65.1629072681774,64.41102756892909,0.0,0.0,0.0,0.50125313283209,0.0,0.2506265664162231,34.8370927318226,25.2,8.882946014404297,0.0,0.0,0,0,328,3.4013671875,2.7392578125,1.63134765625,0.0,0.0,0.0,0.6441102756892909,2.57,0.0,2.57,244,0,4,0,1.0,1.0001280307769775,fedora,4
31.0,1757535498.14457,2025-09-10T16:18:17.038224,0,0,0,0,0,0,0,0,66.41604010024724,65.66416040099926,0.0,0.0,0.0,0.5012531328321548,0.0,0.2506265664158102,33.58395989975276,25.2,8.882946014404297,0.0,0.0,0,125,328,3.4013671875,2.7392578125,1.63134765625,0.0,0.0,0.0,0.6566416040099926,2.63,0.0,2.63,219,0,5,0,1.0,1.0001535415649414,fedora,4
32.0,1757535499.1475546,2025-09-10T16:18:18.038224,0,0,0,0,0,0,0,0,65.57788944724805,60.05025125629071,4.2713567839217,0.0,0.0,0.7537688442212559,0.25125628140712997,0.2512562814072638,34.42211055275194,25.2,8.883136749267578,0.0,0.0,0,73,326,3.4013671875,2.7392578125,1.63134765625,0.0,0.0,0.0,0.6432160804021241,2.41,0.17,2.58,1516,20,3,0,1.0,1.0001189708709717,fedora,4
33.0,1757535500.150571,2025-09-10T16:18:19.038224,0,0,0,0,0,0,0,0,71.49999999998067,70.24999999998143,0.24999999999967093,0.0,0.0,0.49999999999987477,0.0,0.49999999999969713,28.500000000019334,25.2,8.883148193359375,0.0,0.0,0,125,326,3.44970703125,2.76025390625,1.64453125,0.0,0.0,0.0,0.704999999999811,2.81,0.01,2.82,199,0,4,0,1.0,1.000413179397583,fedora,4
34.0,1757535501.1549199,2025-09-10T16:18:20.038224,0,0,0,0,0,0,0,0,70.74999999999501,70.24999999999488,0.0,0.0,0.0,0.5000000000001323,0.0,0.0,29.250000000004988,25.2,8.883148193359375,0.0,0.0,0,0,326,3.44970703125,2.76025390625,1.64453125,0.0,0.0,0.0,0.7024999999999488,2.81,0.0,2.81,201,0,4,0,1.0,1.0000920295715332,fedora,4
35.0,1757535502.1606193,2025-09-10T16:18:21.038224,0,0,0,0,0,0,0,0,77.05735660847836,76.05985037406484,0.2493765586032496,0.0,0.0,0.7481296758102803,0.0,0.0,22.942643391521642,25.2,8.883148193359375,0.0,0.0,90,142,326,3.44970703125,2.76025390625,1.64453125,0.0,0.0,0.0,0.7630922693266808,3.05,0.01,3.0599999999999996,231,0,4,0,1.0,1.000765323638916,fedora,4
36.0,1757535503.1633825,2025-09-10T16:18:22.038224,0,0,0,0,0,0,0,0,75.99999999998347,75.24999999998313,0.250000000000409,0.0,0.0,0.49999999999992983,0.0,0.0,24.000000000016527,25.2,8.883148193359375,0.0,0.0,90,90,327,3.44970703125,2.76025390625,1.64453125,0.0,0.0,0.0,0.7549999999998355,3.01,0.01,3.0199999999999996,266,1,5,0,1.0,1.0001628398895264,fedora,4
37.0,1757535504.1662545,2025-09-10T16:18:23.038224,0,0,0,0,0,0,0,0,77.83375314862627,76.82619647356276,0.0,0.0,0.0,0.7556675062975475,0.0,0.2518891687659685,22.166246851373728,25.2,8.883148193359375,0.0,0.0,0,218,327,3.44970703125,2.76025390625,1.64453125,0.0,0.0,0.0,0.7682619647356276,3.05,0.0,3.05,207,0,5,0,1.0,1.000150203704834,fedora,4
38.0,1757535505.1696336,2025-09-10T16:18:24.038224,0,0,0,0,0,0,0,0,76.17866004961112,74.68982630271358,0.24813895781608053,0.0,0.0,0.7444168734489468,0.0,0.4962779156325137,23.821339950388868,25.2,8.883148193359375,0.0,0.0,0,166,327,3.25341796875,2.73095703125,1.640625,0.0,0.0,0.0,0.7493796526052967,3.01,0.01,3.0199999999999996,226,0,5,0,1.0,1.00075101852417,fedora,4
39.0,1757535506.1725926,2025-09-10T16:18:25.038224,0,0,0,0,0,0,0,0,78.19548872182813,75.93984962408325,0.0,0.0,0.0,0.7518796992482151,0.25062656641605685,1.2531328320805957,21.80451127817188,25.2,8.883148193359375,0.0,0.0,0,218,327,3.25341796875,2.73095703125,1.640625,0.0,0.0,0.0,0.7593984962408326,3.04,0.0,3.04,183,0,4,0,1.0,1.000171184539795,fedora,4
40.0,1757535507.180107,2025-09-10T16:18:26.038224,0,0,0,0,0,0,0,0,76.74999999999413,75.9999999999945,0.24999999999975753,0.0,0.0,0.4999999999998703,0.0,0.0,23.250000000005873,25.2,8.883148193359375,0.0,0.0,42,42,327,3.25341796875,2.73095703125,1.640625,0.0,0.0,0.0,0.7624999999999426,3.04,0.01,3.05,243,0,2,0,1.0,1.0019986629486084,fedora,4
41.0,1757535508.1836545,2025-09-10T16:18:27.038224,0,0,0,0,0,0,0,0,76.88442211055116,76.38190954773702,0.0,0.0,0.0,0.5025125628141439,0.0,0.0,23.115577889448836,25.2,8.883148193359375,0.0,0.0,0,179,327,3.25341796875,2.73095703125,1.640625,0.0,0.0,0.0,0.7638190954773703,3.05,0.0,3.05,217,0,3,0,1.0,1.0011286735534668,fedora,4
42.0,1757535509.188612,2025-09-10T16:18:28.038224,0,0,0,0,0,0,0,0,78.10945273633345,76.61691542290076,0.24875621890530158,0.0,0.0,0.746268656716435,0.0,0.4975124378109567,21.89054726366654,25.2,8.883148193359375,0.0,0.0,42,115,327,3.25341796875,2.73095703125,1.640625,0.0,0.0,0.0,0.7686567164180605,3.08,0.01,3.09,272,0,3,0,1.0,1.0006632804870605,fedora,4
43.0,1757535510.1936507,2025-09-10T16:18:29.038224,0,0,0,0,0,0,0,0,76.51515151514455,75.50505050504376,0.0,0.0,0.0,0.7575757575757739,0.0,0.25252525252501873,23.48484848485545,25.2,8.883148193359375,0.0,0.91015625,0,52,327,3.3134765625,2.75244140625,1.6533203125,0.0,0.0,0.0,0.7550505050504376,2.99,0.0,2.99,423,0,5,0,1.0,1.0008964538574219,fedora,4
44.0,1757535511.199575,2025-09-10T16:18:30.038224,0,0,0,0,0,0,0,0,77.55610972569127,76.55860349127681,0.0,0.0,0.0,0.49875311720714033,0.0,0.4987531172073175,22.443890274308735,25.2,8.883148193359375,0.0,0.0,0,73,327,3.3134765625,2.75244140625,1.6533203125,0.0,0.0,0.0,0.7655860349127681,3.07,0.0,3.07,177,0,5,0,1.0,1.0001707077026367,fedora,4
45.0,1757535512.2041357,2025-09-10T16:18:31.038224,0,0,0,0,0,0,0,0,77.55610972568992,76.3092269326724,0.0,0.0,0.0,0.7481296758106666,0.24937655860354074,0.24937655860331925,22.443890274310075,25.2,8.883148193359375,0.0,0.0,0,52,327,3.3134765625,2.75244140625,1.6533203125,0.0,0.0,0.0,0.763092269326724,3.06,0.0,3.06,187,0,5,0,1.0,1.0001327991485596,fedora,4
46.0,1757535513.207651,2025-09-10T16:18:32.038224,0,0,0,0,0,0,0,0,76.24999999998333,75.49999999998334,0.0,0.0,0.0,0.4999999999998685,0.0,0.2500000000001119,23.750000000016673,25.2,8.883148193359375,0.0,0.0,0,0,327,3.3134765625,2.75244140625,1.6533203125,0.0,0.0,0.0,0.7549999999998335,3.02,0.0,3.02,192,0,5,0,1.0,1.001086950302124,fedora,4
47.0,1757535514.212262,2025-09-10T16:18:33.038224,0,0,0,0,0,0,0,0,72.93233082707167,70.42606516291163,1.7543859649119684,0.0,0.0,0.7518796992480882,0.0,0.0,27.067669172928326,25.1,8.897354125976562,0.0,0.0,90,142,327,3.3134765625,2.75244140625,1.6533203125,0.0,0.0,0.0,0.721804511278236,2.81,0.07,2.88,361,6,5,0,1.0,1.0001404285430908,fedora,4
48.0,1757535515.2161944,2025-09-10T16:18:34.038224,0,0,0,0,0,0,0,0,84.09090909089039,80.8080808080635,0.0,0.0,0.0,0.505050505050361,0.0,2.7777777777765364,15.909090909109608,25.1,8.897201538085938,0.0,0.0,0,166,327,3.36865234375,2.7734375,1.666015625,0.0,0.0,0.0,0.808080808080635,3.2,0.0,3.2,201,0,5,0,1.0,1.000138759613037,fedora,4
49.0,1757535516.221116,2025-09-10T16:18:35.038224,0,0,0,0,0,0,0,0,80.25000000001825,79.00000000001798,0.0,0.0,0.0,0.7500000000002336,0.0,0.5000000000000373,19.749999999981757,25.1,8.897201538085938,0.0,0.0,90,166,327,3.36865234375,2.7734375,1.666015625,0.0,0.0,0.0,0.7900000000001798,3.16,0.0,3.16,225,0,5,0,1.0,1.0000944137573242,fedora,4
50.0,1757535517.223813,2025-09-10T16:18:36.038224,0,0,0,0,0,0,0,0,76.99999999999838,75.99999999999841,0.0,0.0,0.0,0.7499999999998441,0.0,0.2500000000001257,23.000000000001613,25.1,8.897201538085938,0.0,0.0,0,218,328,3.36865234375,2.7734375,1.666015625,0.0,0.0,0.0,0.7599999999999841,3.04,0.0,3.04,244,1,3,0,1.0,1.0001296997070312,fedora,4
51.0,1757535518.2265654,2025-09-10T16:18:37.038224,0,0,0,0,0,0,0,0,75.0000000000002,74.00000000000033,0.24999999999977063,0.0,0.0,0.5000000000000742,0.2500000000000371,0.0,24.9999999999998,25.1,8.897201538085938,0.0,0.0,0,73,328,3.36865234375,2.7734375,1.666015625,0.0,0.0,0.0,0.742500000000001,2.96,0.01,2.9699999999999998,215,0,5,0,1.0,1.0005073547363281,fedora,4
52.0,1757535519.23111,2025-09-10T16:18:38.038224,0,0,0,0,0,0,0,0,75.43859649124056,74.9373433584086,0.0,0.0,0.0,0.5012531328319489,0.0,0.0,24.561403508759447,25.1,8.897201538085938,0.0,0.0,0,52,328,3.36865234375,2.7734375,1.666015625,0.0,0.0,0.0,0.7493734335840859,2.98,0.0,2.98,209,0,4,0,1.0,1.0002248287200928,fedora,4
53.0,1757535520.234581,2025-09-10T16:18:39.038224,0,0,0,0,0,0,0,0,77.25000000000259,76.0000000000026,0.24999999999978417,0.0,0.0,0.7500000000000631,0.0,0.25000000000013944,22.749999999997414,25.1,8.897201538085938,0.0,0.0,0,73,328,3.3388671875,2.77734375,1.67333984375,0.0,0.0,0.0,0.7625000000000238,3.04,0.01,3.05,178,0,3,0,1.0,1.0010111331939697,fedora,4
54.0,1757535521.2395704,2025-09-10T16:18:40.038224,0,0,0,0,0,0,0,0,75.62814070353289,74.87437185931189,0.0,0.0,0.0,0.5025125628141727,0.0,0.2512562814068185,24.37185929646711,25.1,8.897201538085938,0.0,0.0,0,125,328,3.3388671875,2.77734375,1.67333984375,0.0,0.0,0.0,0.748743718593119,2.98,0.0,2.98,169,0,3,0,1.0,1.0003714561462402,fedora,4
55.0,1757535522.2418883,2025-09-10T16:18:41.038224,0,0,0,0,0,0,0,0,76.05985037404281,75.06234413962875,0.0,0.0,0.0,0.7481296758104535,0.0,0.24937655860360264,23.94014962595719,25.1,8.897201538085938,0.0,0.0,0,0,328,3.3388671875,2.77734375,1.67333984375,0.0,0.0,0.0,0.7506234413962874,3.01,0.0,3.01,192,0,5,0,1.0,1.0000996589660645,fedora,4
56.0,1757535523.248589,2025-09-10T16:18:42.038224,0,0,0,0,0,0,0,0,76.25000000001809,75.50000000001741,0.25000000000058,0.0,0.0,0.5000000000000941,0.0,0.0,23.749999999981913,25.1,8.897201538085938,0.0,0.0,0,52,328,3.3388671875,2.77734375,1.67333984375,0.0,0.0,0.0,0.7575000000001799,3.02,0.01,3.03,188,0,4,0,1.0,1.000608205795288,fedora,4
57.0,1757535524.2535727,2025-09-10T16:18:43.038224,0,0,0,0,0,0,0,0,75.68922305762204,75.18796992479004,0.0,0.0,0.0,0.5012531328320119,0.0,0.0,24.310776942377956,25.1,8.897201538085938,0.0,0.0,0,0,328,3.3388671875,2.77734375,1.67333984375,0.0,0.0,0.0,0.7518796992479004,3.0,0.0,3.0,216,0,4,0,1.0,1.000553846359253,fedora,4
58.0,1757535525.257965,2025-09-10T16:18:44.038224,0,0,0,0,0,0,0,0,76.50000000002632,75.25000000002603,0.24999999999984102,0.0,0.0,0.7500000000002336,0.0,0.2500000000001963,23.499999999973685,25.1,8.897201538085938,0.0,0.0,0,218,328,3.39208984375,2.7978515625,1.68603515625,0.0,0.0,0.0,0.7550000000002588,3.01,0.0,3.01,195,0,4,0,1.0,1.0001096725463867,fedora,4
59.0,1757535526.261578,2025-09-10T16:18:45.038224,0,0,0,0,0,0,0,0,77.55610972569525,75.31172069826391,0.0,0.0,0.0,0.748129675810489,0.24937655860348154,1.2468827930173634,22.443890274304746,25.1,8.897201538085938,0.0,0.0,0,166,328,3.39208984375,2.7978515625,1.68603515625,0.0,0.0,0.0,0.7531172069826391,3.03,0.0,3.03,212,0,4,0,1.0,1.0010948181152344,fedora,4
60.0,1757535527.2653856,2025-09-10T16:18:46.038224,0,0,0,0,0,0,0,0,75.93984962404207,75.18796992479444,0.25062656641575354,0.0,0.0,0.5012531328318633,0.0,0.0,24.06015037595793,25.1,8.897201538085938,0.0,0.00390625,0,218,328,3.39208984375,2.7978515625,1.68603515625,0.0,0.0,0.0,0.7543859649121019,3.0,0.01,3.01,230,0,1,0,1.0,1.0001583099365234,fedora,4
61.0,1757535528.2685711,2025-09-10T16:18:47.038224,0,0,0,0,0,0,0,0,75.43859649123365,74.68671679198533,0.0,0.0,0.250626566416045,0.5012531328322681,0.0,0.0,24.561403508766354,25.1,8.897201538085938,0.0,0.6640625,0,73,328,3.39208984375,2.7978515625,1.68603515625,0.0,0.0,0.0,0.7468671679198533,2.98,0.0,2.98,227,0,5,0,1.0,1.0008423328399658,fedora,4
62.0,1757535529.2748134,2025-09-10T16:18:48.038224,0,0,0,0,0,0,0,0,72.70471464019002,69.97518610420977,1.736972704715142,0.0,0.0,0.7444168734489688,0.0,0.24813895781614662,27.295285359809977,25.2,8.886173248291016,0.0,0.0,0,52,328,3.39208984375,2.7978515625,1.68603515625,0.0,0.0,0.0,0.7171215880892491,2.82,0.07,2.8899999999999997,322,6,3,0,1.0,1.0001416206359863,fedora,4
63.0,1757535530.2772722,2025-09-10T16:18:49.038224,0,0,0,0,0,0,0,0,80.49999999998613,78.99999999998626,0.24999999999974065,0.0,0.0,0.7499999999999325,0.0,0.5000000000001918,19.500000000013877,25.2,8.886146545410156,0.0,0.2265625,0,73,328,3.44091796875,2.81787109375,1.69873046875,0.0,0.0,0.0,0.79249999999986,3.15,0.01,3.1599999999999997,279,0,4,0,1.0,1.0000896453857422,fedora,4
64.0,1757535531.2820115,2025-09-10T16:18:50.038224,0,0,0,0,0,0,0,0,81.95488721805658,80.95238095239216,0.0,0.0,0.0,0.5012531328322958,0.0,0.5012531328321177,18.045112781943416,25.2,8.886146545410156,0.0,0.0,0,125,328,3.44091796875,2.81787109375,1.69873046875,0.0,0.0,0.0,0.8095238095239217,3.23,0.0,3.23,180,0,3,0,1.0,1.0001087188720703,fedora,4
65.0,1757535532.287027,2025-09-10T16:18:51.038224,0,0,0,0,0,0,0,0,80.845771144269,79.60199004974156,0.0,0.0,0.0,0.7462686567163977,0.24875621890545122,0.24875621890558378,19.15422885573101,25.2,8.886146545410156,0.0,0.0,0,0,328,3.44091796875,2.81787109375,1.69873046875,0.0,0.0,0.0,0.7960199004974156,3.2,0.0,3.2,192,0,4,0,1.0,1.0000979900360107,fedora,4
66.0,1757535533.2911294,2025-09-10T16:18:52.038224,0,0,0,0,0,0,0,0,80.90452261309701,80.40201005028264,0.0,0.0,0.0,0.5025125628143736,0.0,0.0,19.095477386902992,25.2,8.886146545410156,0.0,0.0,0,52,328,3.44091796875,2.81787109375,1.69873046875,0.0,0.0,0.0,0.8040201005028265,3.2,0.0,3.2,200,0,3,0,1.0,1.000173568725586,fedora,4
67.0,1757535534.2934618,2025-09-10T16:18:53.038224,0,0,0,0,0,0,0,0,81.29675810473832,80.04987531172092,0.0,0.0,0.0,0.7481296758104959,0.0,0.49875311720687915,18.703241895261687,25.2,8.886146545410156,0.0,0.0,0,52,328,3.44091796875,2.81787109375,1.69873046875,0.0,0.0,0.0,0.8004987531172092,3.21,0.0,3.21,231,0,2,0,1.0,1.0001654624938965,fedora,4
68.0,1757535535.2965658,2025-09-10T16:18:54.038224,0,0,0,0,0,0,0,0,81.99999999997519,79.99999999997641,0.24999999999971312,0.0,0.0,0.7499999999994946,0.0,0.999999999999563,18.00000000002482,25.2,8.886146545410156,0.0,0.0,0,166,328,3.48583984375,2.837890625,1.71142578125,0.0,0.0,0.0,0.8024999999997613,3.2,0.01,3.21,197,0,5,0,1.0,1.0009682178497314,fedora,4
69.0,1757535536.3010013,2025-09-10T16:18:55.038224,0,0,0,0,0,0,0,0,82.87841191069523,79.15632754344786,0.0,0.0,0.0,0.7444168734494746,0.0,2.9776674937978984,17.12158808930477,25.2,8.886146545410156,0.0,0.0,0,166,328,3.48583984375,2.837890625,1.71142578125,0.0,0.0,0.0,0.7915632754344786,3.19,0.0,3.19,197,0,5,0,1.0,1.0000956058502197,fedora,4
70.0,1757535537.3054056,2025-09-10T16:18:56.038224,0,0,0,0,0,0,0,0,81.49999999996865,80.49999999996862,0.25000000000036593,0.0,0.0,0.7499999999996767,0.0,0.0,18.500000000031342,25.2,8.886146545410156,0.0,0.0,0,218,328,3.48583984375,2.837890625,1.71142578125,0.0,0.0,0.0,0.8074999999996899,3.22,0.01,3.23,247,0,5,0,1.0,1.0001206398010254,fedora,4
71.0,1757535538.3085675,2025-09-10T16:18:57.038224,0,0,0,0,0,0,0,0,82.1608040201197,80.90452261308417,0.2512562814068453,0.0,0.0,0.5025125628144047,0.25125628140706846,0.25125628140720235,17.839195979880305,25.2,8.886146545410156,0.0,0.0,5030,69847,328,3.48583984375,2.837890625,1.71142578125,0.0,0.0,0.0,0.81155778894491,3.24,0.01,3.25,399,0,5,0,1.0,1.0001029968261719,fedora,4
72.0,1757535539.3135686,2025-09-10T16:18:58.038224,0,0,0,0,0,0,0,0,80.7499999999925,79.49999999999315,0.24999999999972822,0.0,0.0,0.7499999999998952,0.0,0.24999999999972822,19.250000000007496,25.2,8.886146545410156,0.0,0.0,0,125,328,3.48583984375,2.837890625,1.71142578125,0.0,0.0,0.0,0.7974999999999288,3.18,0.01,3.19,225,0,5,0,1.0,1.000586748123169,fedora,4
73.0,1757535540.3165655,2025-09-10T16:18:59.038224,0,0,0,0,0,0,0,0,81.2499999999992,79.99999999999886,0.2500000000004938,0.0,0.0,0.7499999999997051,0.0,0.25000000000013856,18.7500000000008,25.2,8.886146545410156,0.0,0.0,0,52,328,3.44677734375,2.8408203125,1.71875,0.0,0.0,0.0,0.8024999999999936,3.21,0.01,3.2199999999999998,292,0,5,0,1.0,1.000108003616333,fedora,4
74.0,1757535541.3225691,2025-09-10T16:19:00.038224,0,0,0,0,0,0,0,0,81.45363408521769,80.45112781955332,0.0,0.0,0.0,0.5012531328323587,0.0,0.5012531328320026,18.546365914782314,25.2,8.886146545410156,0.0,0.0,0,73,328,3.44677734375,2.8408203125,1.71875,0.0,0.0,0.0,0.8045112781955333,3.21,0.0,3.21,203,0,5,0,1.0,1.0004138946533203,fedora,4
75.0,1757535542.3255956,2025-09-10T16:19:01.038224,0,0,0,0,0,0,0,0,82.04488778056009,80.54862842893867,0.2493765586033322,0.0,0.0,0.7481296758107053,0.0,0.4987531172073732,17.95511221943992,25.2,8.886146545410156,0.0,0.00390625,4448,2302,328,3.44677734375,2.8408203125,1.71875,0.0,0.0,0.0,0.80798004987542,3.23,0.01,3.2399999999999998,314,0,5,0,1.0,1.000840187072754,fedora,4
76.0,1757535543.3285587,2025-09-10T16:19:02.038224,0,0,0,0,0,0,0,0,81.24999999999906,79.99999999999943,0.24999999999978506,0.0,0.0,0.7500000000000657,0.0,0.24999999999978506,18.75000000000093,25.2,8.886146545410156,0.0,0.0,0,0,328,3.44677734375,2.8408203125,1.71875,0.0,0.0,0.0,0.8024999999999922,3.22,0.01,3.23,207,0,5,0,1.0,1.0001063346862793,fedora,4
77.0,1757535544.3307776,2025-09-10T16:19:03.038224,0,0,0,0,0,0,0,0,77.44360902256473,75.43859649123615,1.2531328320805288,0.0,0.0,0.5012531328319979,0.2506265664160435,0.0,22.556390977435274,25.1,8.894371032714844,0.0,0.0,0,52,328,3.44677734375,2.8408203125,1.71875,0.0,0.0,0.0,0.7669172932331668,3.01,0.05,3.0599999999999996,337,6,5,0,1.0,1.000098466873169,fedora,4
78.0,1757535545.3335702,2025-09-10T16:19:04.038224,0,0,0,0,0,0,0,0,85.50000000000033,84.00000000000047,0.24999999999979838,0.0,0.0,0.7500000000001057,0.0,0.49999999999995204,14.499999999999675,25.1,8.894523620605469,0.0,0.0,0,166,328,3.4912109375,2.8603515625,1.7314453125,0.0,0.0,0.0,0.8425000000000027,3.36,0.01,3.3699999999999997,217,0,3,0,1.0,1.0002639293670654,fedora,4
79.0,1757535546.336575,2025-09-10T16:19:05.038224,0,0,0,0,0,0,0,0,87.75000000000512,85.50000000000425,0.2500000000004903,0.0,0.0,0.7500000000000497,0.0,1.2500000000003197,12.249999999994891,25.1,8.894523620605469,0.0,0.2421875,0,218,328,3.4912109375,2.8603515625,1.7314453125,0.0,0.0,0.0,0.8575000000000474,3.42,0.01,3.4299999999999997,288,0,5,0,1.0,1.0008718967437744,fedora,4
80.0,1757535547.339484,2025-09-10T16:19:06.038224,0,0,0,0,0,0,0,0,86.74999999998758,84.99999999998828,0.24999999999969802,0.0,0.0,0.7499999999998046,0.0,0.7499999999998046,13.250000000012415,25.1,8.894523620605469,0.0,0.0,0,166,328,3.4912109375,2.8603515625,1.7314453125,0.0,0.0,0.0,0.8524999999998798,3.42,0.01,3.4299999999999997,224,0,5,0,1.0,1.0000905990600586,fedora,4
81.0,1757535548.3425872,2025-09-10T16:19:07.038224,0,0,0,0,0,0,0,0,86.49999999998211,85.7499999999823,0.0,0.0,0.0,0.7499999999998099,0.0,0.0,13.500000000017895,25.1,8.894523620605469,0.0,0.0,0,52,328,3.4912109375,2.8603515625,1.7314453125,0.0,0.0,0.0,0.857499999999823,3.43,0.0,3.43,239,0,4,0,1.0,1.0009806156158447,fedora,4
82.0,1757535549.3450825,2025-09-10T16:19:08.038224,0,0,0,0,0,0,0,0,86.2842892768223,84.78802992520158,0.24937655860333396,0.0,0.0,0.7481296758103563,0.0,0.49875311720702237,13.715710723177699,25.1,8.894523620605469,0.0,0.0,0,73,328,3.4912109375,2.8603515625,1.7314453125,0.0,0.0,0.0,0.8503740648380491,3.39,0.01,3.4,231,0,5,0,1.0,1.0000979900360107,fedora,4
83.0,1757535550.3511016,2025-09-10T16:19:09.038224,0,0,0,0,0,0,0,0,86.93467336682643,85.42713567838453,0.0,0.0,0.0,0.7537688442209476,0.0,0.7537688442209476,13.065326633173566,25.1,8.894523620605469,0.0,0.0,0,125,328,3.45166015625,2.86279296875,1.73828125,0.0,0.0,0.0,0.8542713567838454,3.4,0.0,3.4,199,0,5,0,1.0,1.000117301940918,fedora,4
84.0,1757535551.3575847,2025-09-10T16:19:10.038224,0,0,0,0,0,0,0,0,86.31840796021494,85.07462686568688,0.24875621890599267,0.0,0.0,0.746268656716564,0.2487562189055066,0.0,13.681592039785057,25.1,8.894523620605469,0.0,0.0,0,73,328,3.45166015625,2.86279296875,1.73828125,0.0,0.0,0.0,0.8532338308459287,3.42,0.01,3.4299999999999997,207,0,5,0,1.0,1.0007970333099365,fedora,4
85.0,1757535552.3645744,2025-09-10T16:19:11.038224,0,0,0,0,0,0,0,0,86.00000000001044,85.25000000001029,0.0,0.0,0.0,0.5000000000003375,0.0,0.24999999999981348,13.999999999989555,25.1,8.894523620605469,0.0,0.0,0,52,328,3.45166015625,2.86279296875,1.73828125,0.0,0.0,0.0,0.8525000000001028,3.41,0.0,3.41,205,0,4,0,1.0,1.0006592273712158,fedora,4
86.0,1757535553.3670397,2025-09-10T16:19:12.038224,0,0,0,0,0,0,0,0,85.46365914786827,84.7117794486203,0.0,0.0,0.0,0.7518796992479596,0.0,0.0,14.53634085213173,25.1,8.894523620605469,0.0,0.0,0,0,328,3.45166015625,2.86279296875,1.73828125,0.0,0.0,0.0,0.8471177944862031,3.38,0.0,3.38,203,0,2,0,1.0,1.0002257823944092,fedora,4
87.0,1757535554.3691952,2025-09-10T16:19:13.038224,0,0,0,0,0,0,0,0,86.56716417908663,85.3233830845597,0.24875621890517452,0.0,0.0,0.7462686567162307,0.0,0.24875621890552807,13.432835820913361,25.1,8.894523620605469,0.0,0.0,0,52,328,3.45166015625,2.86279296875,1.73828125,0.0,0.0,0.0,0.8557213930346487,3.42,0.01,3.4299999999999997,230,0,5,0,1.0,1.00010085105896,fedora,4
88.0,1757535555.3745828,2025-09-10T16:19:14.038224,0,0,0,0,0,0,0,0,86.18090452262682,85.17587939699818,0.0,0.0,0.0,0.753768844221381,0.0,0.251256281407246,13.819095477373178,25.1,8.894523620605469,0.0,0.0,0,166,328,3.49560546875,2.8818359375,1.75048828125,0.0,0.0,0.0,0.8517587939699819,3.39,0.0,3.39,174,0,5,0,1.0,1.000934362411499,fedora,4
89.0,1757535556.3775668,2025-09-10T16:19:15.038224,0,0,0,0,0,0,0,0,87.03241895261075,84.7880299251798,0.24937655860320318,0.0,0.0,0.49875311720711507,0.0,1.4962593516206366,12.967581047389245,25.1,8.894523620605469,0.0,0.0,0,218,328,3.49560546875,2.8818359375,1.75048828125,0.0,0.0,0.0,0.8503740648378301,3.4,0.01,3.4099999999999997,214,0,5,0,1.0,1.0004057884216309,fedora,4
90.0,1757535557.3805737,2025-09-10T16:19:16.038224,0,0,0,0,0,0,0,0,86.71679197993662,85.96491228068864,0.0,0.0,0.0,0.7518796992479704,0.0,0.0,13.283208020063384,25.1,8.894523620605469,0.0,0.0,0,166,328,3.49560546875,2.8818359375,1.75048828125,0.0,0.0,0.0,0.8596491228068863,3.43,0.0,3.43,211,0,4,0,1.0,1.000654935836792,fedora,4
91.0,1757535558.3828878,2025-09-10T16:19:17.038224,0,0,0,0,0,0,0,0,85.28678304239124,84.28927680797788,0.0,0.0,0.0,0.7481296758101044,0.0,0.24937655860325,14.71321695760876,25.1,8.894523620605469,0.0,0.0,0,52,328,3.49560546875,2.8818359375,1.75048828125,0.0,0.0,0.0,0.8428927680797789,3.38,0.0,3.38,217,0,4,0,1.0,1.0001399517059326,fedora,4
92.0,1757535559.3855746,2025-09-10T16:19:18.038224,0,0,0,0,0,0,0,0,81.75000000001017,79.50000000001049,1.249999999999624,0.0,0.0,0.7500000000000587,0.2500000000000048,0.0,18.249999999989825,25.1,8.897933959960938,0.0,0.0,0,73,328,3.49560546875,2.8818359375,1.75048828125,0.0,0.0,0.0,0.8075000000001011,3.18,0.05,3.23,334,6,5,0,1.0,1.0005593299865723,fedora,4
93.0,1757535560.3920484,2025-09-10T16:19:19.038224,0,0,0,0,0,0,0,0,92.23057644111351,90.22556390978409,0.2506265664165893,0.0,0.25062656641614406,0.7518796992483433,0.0,0.7518796992483433,7.769423558886487,25.1,8.895004272460938,0.0,0.7578125,0,125,328,3.5361328125,2.90087890625,1.7626953125,0.0,0.0,0.0,0.9047619047620067,3.58,0.01,3.59,960,0,5,0,1.0,1.0000989437103271,fedora,4
94.0,1757535561.3979836,2025-09-10T16:19:20.038224,0,0,0,0,0,0,0,0,91.72932330827267,89.97493734336024,0.0,0.0,0.0,0.7518796992481337,0.0,1.0025062656642971,8.270676691727335,25.1,8.895004272460938,0.0,0.0,0,73,328,3.5361328125,2.90087890625,1.7626953125,0.0,0.0,0.0,0.8997493734336024,3.59,0.0,3.59,582,0,5,0,1.0,1.000108003616333,fedora,4
95.0,1757535562.4042866,2025-09-10T16:19:21.038224,0,0,0,0,0,0,0,0,91.24999999999245,89.99999999999311,0.24999999999972822,0.0,0.0,0.7499999999998952,0.0,0.24999999999972822,8.75000000000754,25.1,8.895004272460938,0.0,0.0,0,52,328,3.5361328125,2.90087890625,1.7626953125,0.0,0.0,0.0,0.9024999999999284,3.6,0.01,3.61,216,0,2,0,1.0,1.0001680850982666,fedora,4
96.0,1757535563.410437,2025-09-10T16:19:22.038224,0,0,0,0,0,0,0,0,91.22807017542956,90.47619047618142,0.0,0.0,0.0,0.7518796992481417,0.0,0.0,8.771929824570439,25.1,8.895004272460938,0.0,0.0,0,0,328,3.5361328125,2.90087890625,1.7626953125,0.0,0.0,0.0,0.9047619047618142,3.61,0.0,3.61,220,0,5,0,1.0,1.0000989437103271,fedora,4
97.0,1757535564.4163558,2025-09-10T16:19:23.038224,0,0,0,0,0,0,0,0,90.97744360905155,90.2255639098036,0.25062656641586784,0.0,0.0,0.5012531328320918,0.0,0.0,9.022556390948447,25.1,8.895004272460938,0.0,0.0,0,218,328,3.5361328125,2.90087890625,1.7626953125,0.0,0.0,0.0,0.9047619047621948,3.61,0.0,3.61,251,0,5,0,1.0,1.0000922679901123,fedora,4
98.0,1757535565.4207408,2025-09-10T16:19:24.038224,0,0,0,0,0,0,0,0,92.25000000001167,89.50000000001054,0.2500000000005177,0.0,0.2499999999999848,0.750000000000132,0.2500000000000292,1.2500000000004567,7.749999999988337,25.1,8.895004272460938,0.0,0.37109375,0,166,328,3.57373046875,2.91943359375,1.77490234375,0.0,0.0,0.0,0.8975000000001105,3.58,0.01,3.59,285,2,5,0,1.0,1.0000967979431152,fedora,4
99.0,1757535566.4234958,2025-09-10T16:19:25.038224,0,0,0,0,0,0,0,0,91.72932330822991,89.47368421048664,0.0,0.0,0.0,0.7518796992478766,0.0,1.5037593984953972,8.270676691770094,25.1,8.895004272460938,0.0,0.0,90,142,328,3.57373046875,2.91943359375,1.77490234375,0.0,0.0,0.0,0.8947368421048664,3.58,0.0,3.58,219,0,4,0,1.0,1.0000922679901123,fedora,4
100.0,1757535567.4281802,2025-09-10T16:19:26.038224,0,0,0,0,0,0,0,0,91.5211970074782,90.52369077306449,0.24937655860324914,0.0,0.0,0.7481296758104561,0.0,0.0,8.47880299252181,25.1,8.895004272460938,0.0,0.00390625,90,256,328,3.57373046875,2.91943359375,1.77490234375,0.0,0.0,0.0,0.9077306733166773,3.62,0.0,3.62,250,0,5,0,1.0,1.0001201629638672,fedora,4
101.0,1757535568.4332867,2025-09-10T16:19:27.038224,0,0,0,0,0,0,0,0,91.2280701754291,90.22556390976473,0.0,0.0,0.0,0.7518796992481819,0.0,0.25062656641617936,8.771929824570908,25.1,8.895004272460938,0.0,0.0,0,125,328,3.57373046875,2.91943359375,1.77490234375,0.0,0.0,0.0,0.9022556390976473,3.6,0.0,3.6,227,0,5,0,1.0,1.0000996589660645,fedora,4
102.0,1757535569.437905,2025-09-10T16:19:28.038224,0,0,0,0,0,0,0,0,91.24999999999051,89.99999999999051,0.0,0.0,0.0,0.7500000000000631,0.0,0.4999999999999236,8.750000000009498,25.1,8.895004272460938,0.0,0.0,0,73,328,3.57373046875,2.91943359375,1.77490234375,0.0,0.0,0.0,0.8999999999999051,3.6,0.0,3.6,228,0,5,0,1.0,1.0000979900360107,fedora,4
103.0,1757535570.4421546,2025-09-10T16:19:29.038224,0,0,0,0,0,0,0,0,91.20603015074576,90.2010050251176,0.0,0.0,0.0,0.7537688442210364,0.0,0.25125628140713113,8.793969849254232,25.1,8.895004272460938,0.0,0.0,0,52,328,3.52734375,2.9208984375,1.78173828125,0.0,0.0,0.0,0.902010050251176,3.59,0.0,3.59,221,0,5,0,1.0,1.000101089477539,fedora,4
104.0,1757535571.448295,2025-09-10T16:19:30.038224,0,0,0,0,0,0,0,0,91.52119700747922,90.02493765585848,0.0,0.0,0.0,0.7481296758103659,0.0,0.7481296758103659,8.478802992520789,25.1,8.895004272460938,0.0,0.0,42,115,328,3.52734375,2.9208984375,1.78173828125,0.0,0.0,0.0,0.9002493765585848,3.61,0.0,3.61,187,0,5,0,1.0,1.0000991821289062,fedora,4
105.0,1757535572.4532025,2025-09-10T16:19:31.038224,0,0,0,0,0,0,0,0,91.49999999999645,90.49999999999639,0.0,0.0,0.0,0.7500000000000211,0.25000000000003664,0.0,8.500000000003554,25.1,8.895004272460938,0.0,0.0,42,94,328,3.52734375,2.9208984375,1.78173828125,0.0,0.0,0.0,0.9049999999999639,3.62,0.0,3.62,185,0,4,0,1.0,1.0000903606414795,fedora,4
106.0,1757535573.4595635,2025-09-10T16:19:32.038224,0,0,0,0,0,0,0,0,90.99999999998755,89.99999999998799,0.0,0.0,0.0,0.7499999999998526,0.0,0.249999999999714,9.000000000012442,25.1,8.895004272460938,0.0,0.0,0,0,328,3.52734375,2.9208984375,1.78173828125,0.0,0.0,0.0,0.8999999999998799,3.6,0.0,3.6,219,0,5,0,1.0,1.0003564357757568,fedora,4
107.0,1757535574.4627755,2025-09-10T16:19:33.038224,0,0,0,0,0,0,0,0,87.18592964823605,84.6733668341659,1.758793969849029,0.0,0.0,0.5025125628139573,0.0,0.25125628140715717,12.814070351763945,25.1,8.895378112792969,0.0,0.0703125,0,218,328,3.52734375,2.9208984375,1.78173828125,0.0,0.0,0.0,0.8643216080401492,3.37,0.07,3.44,384,8,5,0,1.0,1.0001099109649658,fedora,4
108.0,1757535575.4655657,2025-09-10T16:19:34.038224,0,0,0,0,0,0,0,0,96.25000000000917,94.25000000000924,0.5000000000002469,0.0,0.0,0.9999999999997834,0.0,0.4999999999998917,3.7499999999908384,25.1,8.895244598388672,0.0,0.0078125,0,166,328,3.5654296875,2.93896484375,1.7939453125,0.0,0.0,0.0,0.9475000000000948,3.77,0.02,3.79,211,0,5,0,1.0,1.0004079341888428,fedora,4
109.0,1757535576.4685714,2025-09-10T16:19:35.038224,0,0,0,0,0,0,0,0,96.7418546365675,94.98746867165588,0.0,0.0,0.0,0.751879699247791,0.0,1.00250626566384,3.2581453634325,25.1,8.895244598388672,0.0,0.0,0,52,328,3.5654296875,2.93896484375,1.7939453125,0.0,0.0,0.0,0.9498746867165587,3.79,0.0,3.79,212,0,5,0,1.0,1.0007779598236084,fedora,4
110.0,1757535577.474574,2025-09-10T16:19:36.038224,0,0,0,0,0,0,0,0,97.01492537315893,92.28855721395387,0.0,0.0,0.0,0.7462686567166289,0.0,3.9800995024884522,2.9850746268410635,25.1,8.895244598388672,0.0,0.0,0,166,328,3.5654296875,2.93896484375,1.7939453125,0.0,0.0,0.0,0.9228855721395387,3.71,0.0,3.71,198,0,5,0,1.0,1.0008924007415771,fedora,4
111.0,1757535578.480949,2025-09-10T16:19:37.038224,0,0,0,0,0,0,0,0,96.74999999997495,95.24999999997522,0.0,0.0,0.0,0.7499999999999335,0.249999999999963,0.4999999999998372,3.250000000025054,25.1,8.895244598388672,0.0,0.0,90,215,328,3.5654296875,2.93896484375,1.7939453125,0.0,0.0,0.0,0.9524999999997522,3.81,0.0,3.81,255,0,5,0,1.0,1.0001177787780762,fedora,4
112.0,1757535579.483565,2025-09-10T16:19:38.038224,0,0,0,0,0,0,0,0,96.0000000000039,95.25000000000391,0.0,0.0,0.0,0.7499999999999805,0.0,0.0,3.999999999996106,25.1,8.895244598388672,0.0,0.0,90,73,328,3.5654296875,2.93896484375,1.7939453125,0.0,0.0,0.0,0.9525000000000391,3.81,0.0,3.81,222,0,5,0,1.0,1.0003893375396729,fedora,4
113.0,1757535580.4905717,2025-09-10T16:19:39.038224,0,0,0,0,0,0,0,0,96.49122807018949,94.98746867169262,0.0,0.0,0.0,1.0025062656644685,0.0,0.5012531328324122,3.5087719298105022,25.1,8.895244598388672,0.0,0.0,0,52,328,3.6005859375,2.95703125,1.80615234375,0.0,0.0,0.0,0.9498746867169262,3.79,0.0,3.79,195,0,5,0,1.0,1.0008037090301514,fedora,4
114.0,1757535581.4931815,2025-09-10T16:19:40.038224,0,0,0,0,0,0,0,0,96.5174129353379,95.02487562190501,0.0,0.0,0.0,0.7462686567164389,0.0,0.7462686567164389,3.4825870646621038,25.1,8.895244598388672,0.0,0.0,0,73,328,3.6005859375,2.95703125,1.80615234375,0.0,0.0,0.0,0.9502487562190501,3.81,0.0,3.81,183,0,5,0,1.0,1.000093698501587,fedora,4
115.0,1757535582.4965825,2025-09-10T16:19:41.038224,0,0,0,0,0,0,0,0,96.00997506234802,95.0124688279343,0.0,0.0,0.0,0.7481296758104561,0.0,0.24937655860324914,3.9900249376519863,25.1,8.895244598388672,0.0,0.0,0,52,328,3.6005859375,2.95703125,1.80615234375,0.0,0.0,0.0,0.950124688279343,3.82,0.0,3.82,218,0,4,0,1.0,1.0010976791381836,fedora,4
116.0,1757535583.500368,2025-09-10T16:19:42.038224,0,0,0,0,0,0,0,0,96.49999999996972,95.24999999997002,0.0,0.0,0.0,0.7499999999995373,0.0,0.5000000000001652,3.5000000000302887,25.1,8.895244598388672,0.0,0.0,0,0,327,3.6005859375,2.95703125,1.80615234375,0.0,0.0,0.0,0.9524999999997001,3.81,0.0,3.81,213,0,4,0,1.0,1.000108003616333,fedora,4
117.0,1757535584.5053036,2025-09-10T16:19:43.038224,0,0,0,0,0,0,0,0,96.50000000001359,95.25000000001366,0.24999999999984188,0.0,0.0,0.7500000000002363,0.0,0.24999999999984188,3.499999999986418,25.1,8.895244598388672,0.0,0.0,0,218,327,3.6005859375,2.95703125,1.80615234375,0.0,0.0,0.0,0.955000000000135,3.81,0.01,3.82,230,0,5,0,1.0,1.00010347366333,fedora,4
118.0,1757535585.5113425,2025-09-10T16:19:44.038224,0,0,0,0,0,0,0,0,96.99248120298775,93.48370927316316,0.0,0.0,0.0,1.0025062656642219,0.0,2.506265664160377,3.007518797012255,25.1,8.895244598388672,0.0,0.0,0,166,327,3.6328125,2.974609375,1.818359375,0.0,0.0,0.0,0.9348370927316316,3.73,0.0,3.73,170,0,5,0,1.0,1.000105857849121,fedora,4
119.0,1757535586.5188794,2025-09-10T16:19:45.038224,0,0,0,0,0,0,0,0,97.26368159206986,93.5323383084875,0.24875621890531116,0.0,0.0,0.9950248756219516,0.2487562189055321,2.238805970149568,2.7363184079301424,25.1,8.895244598388672,0.0,0.0,0,118,327,3.6328125,2.974609375,1.818359375,0.0,0.0,0.0,0.937810945273928,3.76,0.01,3.7699999999999996,208,0,5,0,1.0,1.0000977516174316,fedora,4
120.0,1757535587.5233183,2025-09-10T16:19:46.038224,0,0,0,0,0,0,0,0,97.51243781093646,93.28358208954309,0.24875621890592903,0.0,0.0,0.9950248756219486,0.0,2.9850746268654924,2.4875621890635324,25.1,8.895244598388672,0.0,0.0,0,166,327,3.6328125,2.974609375,1.818359375,0.0,0.0,0.0,0.9353233830844901,3.75,0.01,3.76,184,0,5,0,1.0,1.0000958442687988,fedora,4
121.0,1757535588.5264559,2025-09-10T16:19:47.038224,0,0,0,0,0,0,0,0,96.49122807018968,95.23809523810942,0.25062656641583747,0.0,0.0,0.7518796992482247,0.0,0.25062656641619363,3.5087719298103273,25.1,8.895244598388672,0.0,0.0,0,125,327,3.6328125,2.974609375,1.818359375,0.0,0.0,0.0,0.9548872180452526,3.81,0.01,3.82,223,0,5,0,1.0,1.000117540359497,fedora,4
122.0,1757535589.529573,2025-09-10T16:19:48.038224,0,0,0,0,0,0,0,0,89.74999999996373,85.99999999996598,1.9999999999985152,0.0,0.0,0.9999999999996129,0.0,0.7499999999996207,10.250000000036264,25.1,8.895618438720703,0.0,0.0,0,73,327,3.6328125,2.974609375,1.818359375,0.0,0.0,0.0,0.8799999999996451,3.44,0.08,3.52,314,6,5,0,1.0,1.000831127166748,fedora,4
123.0,1757535590.535232,2025-09-10T16:19:49.038224,0,0,0,0,0,0,0,0,100.0,97.99498746867165,0.5012531328323552,0.0,0.0,0.7518796992478204,0.0,0.7518796992481765,0.0,25.1,8.895484924316406,0.0,0.19921875,66,191,316,3.66259765625,2.99169921875,1.830078125,0.0,0.0,0.0,0.9849624060150401,3.9,0.02,3.92,251,0,5,0,1.0,1.0000982284545898,fedora,4
124.0,1757535591.540815,2025-09-10T16:19:50.038224,0,0,0,0,0,0,0,0,100.0,98.99999999999999,0.0,0.0,0.0,0.7500000000000214,0.24999999999999234,0.0,0.0,25.1,8.895484924316406,0.0,0.0,0,0,316,3.66259765625,2.99169921875,1.830078125,0.0,0.0,0.0,0.9899999999999999,3.96,0.0,3.96,106,0,5,0,1.0,1.0000927448272705,fedora,4
125.0,1757535592.5450583,2025-09-10T16:19:51.038224,0,0,0,0,0,0,0,0,100.0,99.24999999999984,0.0,0.0,0.0,0.750000000000151,0.0,0.0,0.0,25.1,8.895484924316406,0.0,0.0,0,52,316,3.66259765625,2.99169921875,1.830078125,0.0,0.0,0.0,0.9924999999999984,3.97,0.0,3.97,123,0,5,0,1.0,1.0001091957092285,fedora,4
126.0,1757535593.5500906,2025-09-10T16:19:52.038224,0,0,0,0,0,0,0,0,100.0,99.00000000000021,0.0,0.0,0.0,0.7500000000000231,0.0,0.24999999999977085,0.0,25.1,8.895484924316406,0.0,1.0390625,0,0,316,3.66259765625,2.99169921875,1.830078125,0.0,0.0,0.0,0.9900000000000021,3.96,0.0,3.96,157,0,5,0,1.0,1.0001287460327148,fedora,4
127.0,1757535594.556319,2025-09-10T16:19:53.038224,0,0,0,0,0,0,0,0,100.0,98.75311720698262,0.24937655860326235,0.0,0.0,0.7481296758104959,0.0,0.24937655860361677,0.0,25.1,8.895500183105469,0.0,0.0,0,218,316,3.66259765625,2.99169921875,1.830078125,0.0,0.0,0.0,0.9900249376558589,3.96,0.01,3.9699999999999998,163,0,5,0,1.0,1.0001051425933838,fedora,4
128.0,1757535595.5615737,2025-09-10T16:19:54.038224,0,0,0,0,0,0,0,0,100.0,99.24433249370267,0.0,0.0,0.0,0.7556675062973338,0.0,0.0,0.0,25.1,8.895500183105469,0.0,0.0,42,42,316,3.68994140625,3.0087890625,1.841796875,0.0,0.0,0.0,0.9924433249370267,3.94,0.0,3.94,122,0,5,0,1.0,1.0009264945983887,fedora,4
129.0,1757535596.5673985,2025-09-10T16:19:55.038224,0,0,0,0,0,0,0,0,100.0,96.74999999999933,0.2500000000004885,0.0,0.0,0.7500000000000444,0.0,2.2500000000001332,0.0,25.1,8.895500183105469,0.0,0.0,0,218,316,3.68994140625,3.0087890625,1.841796875,0.0,0.0,0.0,0.9699999999999982,3.87,0.01,3.88,132,0,5,0,1.0,1.0001156330108643,fedora,4
130.0,1757535597.5747523,2025-09-10T16:19:56.038224,0,0,0,0,0,0,0,0,100.0,99.24999999999984,0.0,0.0,0.0,0.750000000000151,0.0,0.0,0.0,25.1,8.895500183105469,0.0,0.0,0,166,316,3.68994140625,3.0087890625,1.841796875,0.0,0.0,0.0,0.9924999999999984,3.97,0.0,3.97,166,0,5,0,1.0,1.0000934600830078,fedora,4
131.0,1757535598.5800924,2025-09-10T16:19:57.038224,0,0,0,0,0,0,0,0,100.0,99.00000000000021,0.0,0.0,0.0,0.7500000000000231,0.0,0.24999999999977085,0.0,25.1,8.895500183105469,0.0,0.0,0,125,316,3.68994140625,3.0087890625,1.841796875,0.0,0.0,0.0,0.9900000000000021,3.96,0.0,3.96,166,0,5,0,1.0,1.0000979900360107,fedora,4
132.0,1757535599.5841205,2025-09-10T16:19:58.038224,0,0,0,0,0,0,0,0,100.0,99.24812030075186,0.0,0.0,0.0,0.7518796992481417,0.0,0.0,0.0,25.1,8.895500183105469,0.0,0.0,0,0,316,3.68994140625,3.0087890625,1.841796875,0.0,0.0,0.0,0.9924812030075186,3.96,0.0,3.96,166,0,5,0,1.0,1.0001308917999268,fedora,4
133.0,1757535600.5895705,2025-09-10T16:19:59.038224,0,0,0,0,0,0,0,0,100.0,98.74686716791987,0.2506265664158378,0.0,0.0,0.7518796992482257,0.2506265664160604,0.0,0.0,25.1,8.895500183105469,0.0,0.0,0,125,316,3.71484375,3.025390625,1.853515625,0.0,0.0,0.0,0.9899749373433571,3.94,0.01,3.9499999999999997,234,0,5,0,1.0,1.0009071826934814,fedora,4
134.0,1757535601.5925772,2025-09-10T16:20:00.038224,0,0,0,0,0,0,0,0,100.0,98.74686716791939,0.0,0.0,0.0,0.7518796992482221,0.0,0.5012531328323855,0.0,25.1,8.895500183105469,0.0,0.0,0,73,316,3.71484375,3.025390625,1.853515625,0.0,0.0,0.0,0.9874686716791939,3.94,0.0,3.94,134,0,5,0,1.0,1.0003550052642822,fedora,4
135.0,1757535602.595569,2025-09-10T16:20:01.038224,0,0,0,0,0,0,0,0,100.0,99.00249376558594,0.249376558603957,0.0,0.0,0.7481296758100991,0.0,0.0,0.0,25.1,8.895500183105469,0.0,0.0,0,52,316,3.71484375,3.025390625,1.853515625,0.0,0.0,0.0,0.992518703241899,3.97,0.01,3.98,122,0,5,0,1.0,1.0003972053527832,fedora,4
136.0,1757535603.5985796,2025-09-10T16:20:02.038224,0,0,0,0,0,0,0,0,100.0,99.00249376558607,0.0,0.0,0.0,0.7481296758106258,0.0,0.24937655860330568,0.0,25.1,8.895500183105469,0.0,0.0,0,0,316,3.71484375,3.025390625,1.853515625,0.0,0.0,0.0,0.9900249376558606,3.97,0.0,3.97,130,0,5,0,1.0,1.0007612705230713,fedora,4
137.0,1757535604.6048555,2025-09-10T16:20:03.038224,0,0,0,0,0,0,0,0,94.75000000002045,92.50000000001977,1.5000000000004512,0.0,0.0,0.7500000000002256,0.0,0.0,5.249999999979552,25.1,8.8958740234375,0.0,0.0,0,218,316,3.71484375,3.025390625,1.853515625,0.0,0.0,0.0,0.9400000000002022,3.7,0.06,3.7600000000000002,272,6,5,0,1.0,1.0000951290130615,fedora,4
138.0,1757535605.6072164,2025-09-10T16:20:04.038224,0,0,0,0,0,0,0,0,100.0,98.49246231155811,0.25125628140680284,0.0,0.0,0.7537688442211226,0.0,0.5025125628139627,0.0,25.1,8.895740509033203,0.0,0.0,0,166,316,3.73779296875,3.0419921875,1.865234375,0.0,0.0,0.0,0.9874371859296491,3.92,0.01,3.9299999999999997,137,0,5,0,1.0,1.0001139640808105,fedora,4
139.0,1757535606.6135807,2025-09-10T16:20:05.038224,0,0,0,0,0,0,0,0,100.0,98.74999999999966,0.0,0.0,0.0,0.7500000000000604,0.0,0.5000000000002771,0.0,25.1,8.895740509033203,0.0,0.0,0,52,316,3.73779296875,3.0419921875,1.865234375,0.0,0.0,0.0,0.9874999999999966,3.95,0.01,3.96,135,0,5,0,1.0,1.000314712524414,fedora,4
140.0,1757535607.6165686,2025-09-10T16:20:06.038224,0,0,0,0,0,0,0,0,100.0,99.0024937655856,0.24937655860395613,0.0,0.0,0.7481296758104508,0.0,0.0,0.0,25.1,8.895740509033203,0.0,0.00390625,0,166,316,3.73779296875,3.0419921875,1.865234375,0.0,0.0,0.0,0.9925187032418955,3.97,0.01,3.98,165,0,5,0,1.0,1.0002813339233398,fedora,4
141.0,1757535608.618829,2025-09-10T16:20:07.038224,0,0,0,0,0,0,0,0,100.0,99.00249376558608,0.0,0.0,0.0,0.7481296758104544,0.24937655860347005,0.0,0.0,25.1,8.895740509033203,0.0,0.0,0,125,316,3.73779296875,3.0419921875,1.865234375,0.0,0.0,0.0,0.9900249376558609,3.97,0.0,3.97,137,0,5,0,1.0,1.0001137256622314,fedora,4
142.0,1757535609.6239974,2025-09-10T16:20:08.038224,0,0,0,0,0,0,0,0,100.0,98.0049875311726,0.9975062344136982,0.0,0.0,0.7481296758104508,0.0,0.24937655860324737,0.0,23.2,9.11269760131836,0.0,0.0703125,0,73,316,3.73779296875,3.0419921875,1.865234375,0.0,0.0,0.0,0.990024937655863,3.93,0.04,3.97,483,2,5,0,1.0,1.0001013278961182,fedora,4
143.0,1757535610.6305757,2025-09-10T16:20:09.038224,0,0,0,0,0,0,0,0,100.0,98.74686716791975,0.25062656641583747,0.0,0.0,0.7518796992482247,0.0,0.25062656641619363,0.0,23.2,9.112964630126953,0.0,0.0,0,52,316,3.75927734375,3.05810546875,1.876953125,0.0,0.0,0.0,0.9899749373433557,3.94,0.01,3.9499999999999997,125,0,5,0,1.0,1.0006930828094482,fedora,4
144.0,1757535611.637573,2025-09-10T16:20:10.038224,0,0,0,0,0,0,0,0,100.0,99.24999999999984,0.0,0.0,0.0,0.750000000000151,0.0,0.0,0.0,23.2,9.112964630126953,0.0,0.0,0,73,316,3.75927734375,3.05810546875,1.876953125,0.0,0.0,0.0,0.9924999999999984,3.97,0.0,3.97,144,0,5,0,1.0,1.0008139610290527,fedora,4
145.0,1757535612.64057,2025-09-10T16:20:11.038224,0,0,0,0,0,0,0,0,100.0,99.25000000000037,0.24999999999975753,0.0,0.0,0.4999999999998703,0.0,0.0,0.0,23.2,9.112964630126953,0.0,0.0,0,52,316,3.75927734375,3.05810546875,1.876953125,0.0,0.0,0.0,0.9950000000000013,3.97,0.01,3.98,143,0,5,0,1.0,1.0005605220794678,fedora,4
146.0,1757535613.643567,2025-09-10T16:20:12.038224,0,0,0,0,0,0,0,0,100.0,99.49874686716794,0.0,0.0,0.0,0.5012531328320633,0.0,0.0,0.0,23.2,9.112964630126953,0.0,0.0,0,0,316,3.75927734375,3.05810546875,1.876953125,0.0,0.0,0.0,0.9949874686716794,3.97,0.0,3.97,123,0,5,0,1.0,1.0007905960083008,fedora,4
147.0,1757535614.6458368,2025-09-10T16:20:13.038224,0,0,0,0,0,0,0,0,100.0,98.99999999999986,0.0,0.0,0.0,0.7500000000000204,0.0,0.25000000000012523,0.0,23.2,9.112964630126953,0.0,0.0,0,218,316,3.75927734375,3.05810546875,1.876953125,0.0,0.0,0.0,0.9899999999999985,3.96,0.0,3.96,190,0,5,0,1.0,1.0000982284545898,fedora,4
148.0,1757535615.6525686,2025-09-10T16:20:14.038224,0,0,0,0,0,0,0,0,100.0,98.99749373433552,0.2506265664164775,0.0,0.0,0.7518796992480079,0.0,0.0,0.0,23.2,9.112964630126953,0.0,0.0,0,166,316,3.77880859375,3.07421875,1.888671875,0.0,0.0,0.0,0.99248120300752,3.95,0.01,3.96,113,0,5,0,1.0,1.0009708404541016,fedora,4
149.0,1757535616.6555755,2025-09-10T16:20:15.038224,0,0,0,0,0,0,0,0,100.0,98.74686716792003,0.0,0.0,0.0,0.7518796992480534,0.0,0.5012531328319169,0.0,23.2,9.112964630126953,0.0,0.0,0,52,316,3.77880859375,3.07421875,1.888671875,0.0,0.0,0.0,0.9874686716792003,3.94,0.0,3.94,123,0,5,0,1.0,1.0009112358093262,fedora,4
150.0,1757535617.6625836,2025-09-10T16:20:16.038224,0,0,0,0,0,0,0,0,100.0,98.50746268656725,0.24875621890524435,0.0,0.0,0.74626865671644,0.24875621890546526,0.24875621890559785,0.0,23.2,9.112964630126953,0.0,0.0,0,166,316,3.77880859375,3.07421875,1.888671875,0.0,0.0,0.0,0.9875621890547249,3.96,0.01,3.9699999999999998,137,0,5,0,1.0,1.0005698204040527,fedora,4
151.0,1757535618.665566,2025-09-10T16:20:17.038224,0,0,0,0,0,0,0,0,100.0,99.00000000000021,0.0,0.0,0.0,0.7500000000000231,0.0,0.24999999999977085,0.0,23.2,9.112964630126953,0.0,0.0,0,125,316,3.77880859375,3.07421875,1.888671875,0.0,0.0,0.0,0.9900000000000021,3.96,0.0,3.96,161,0,5,0,1.0,1.0004990100860596,fedora,4
152.0,1757535619.667858,2025-09-10T16:20:18.038224,0,0,0,0,0,0,0,0,94.73684210528364,92.73182957395484,1.2531328320808173,0.0,0.0,0.7518796992479918,0.0,0.0,5.263157894716353,23.1,9.124874114990234,0.0,0.0,0,73,316,3.77880859375,3.07421875,1.888671875,0.0,0.0,0.0,0.9398496240603567,3.7,0.05,3.75,234,6,5,0,1.0,1.000089406967163,fedora,4
153.0,1757535620.672571,2025-09-10T16:20:19.038224,0,0,0,0,0,0,0,0,96.49122807014548,94.98746867164999,0.2506265664157375,0.0,0.0,0.7518796992479249,0.0,0.5012531328318311,3.5087719298545164,23.1,9.124835968017578,0.0,0.0,0,52,316,3.796875,3.08984375,1.900390625,0.0,0.0,0.0,0.9523809523806572,3.8,0.01,3.8099999999999996,207,0,5,0,1.0,1.0011000633239746,fedora,4
154.0,1757535621.6747875,2025-09-10T16:20:20.038224,0,0,0,0,0,0,0,0,96.50000000001421,95.000000000014,0.0,0.0,0.0,0.750000000000103,0.0,0.750000000000103,3.4999999999857963,23.1,9.124835968017578,0.0,0.0,0,73,316,3.796875,3.08984375,1.900390625,0.0,0.0,0.0,0.95000000000014,3.8,0.0,3.8,177,0,5,0,1.0,1.0000975131988525,fedora,4
155.0,1757535622.6790118,2025-09-10T16:20:21.038224,0,0,0,0,0,0,0,0,96.00000000000276,95.00000000000274,0.2499999999998277,0.0,0.0,0.7500000000001936,0.0,0.0,3.999999999997243,23.1,9.124835968017578,0.0,0.0,0,52,311,3.796875,3.08984375,1.900390625,0.0,0.0,0.0,0.9525000000000258,3.8,0.01,3.8099999999999996,250,0,5,0,1.0,1.000093936920166,fedora,4
156.0,1757535623.6815646,2025-09-10T16:20:22.038224,0,0,0,0,0,0,0,0,96.0000000000039,95.25000000000391,0.0,0.0,0.0,0.7499999999999805,0.0,0.0,3.999999999996106,23.1,9.124835968017578,0.0,0.0,0,0,311,3.796875,3.08984375,1.900390625,0.0,0.0,0.0,0.9525000000000391,3.81,0.0,3.81,220,0,5,0,1.0,1.0002927780151367,fedora,4
157.0,1757535624.6849868,2025-09-10T16:20:23.038224,0,0,0,0,0,0,0,0,96.01990049751544,94.77611940298723,0.24875621890599237,0.0,0.0,0.7462686567165631,0.0,0.24875621890563882,3.980099502484565,23.1,9.124835968017578,0.0,0.0,0,218,311,3.796875,3.08984375,1.900390625,0.0,0.0,0.0,0.9502487562189323,3.81,0.01,3.82,243,0,5,0,1.0,1.000098705291748,fedora,4
158.0,1757535625.688995,2025-09-10T16:20:24.038224,0,0,0,0,0,0,0,0,96.74999999997534,94.74999999997566,0.0,0.0,0.0,0.7499999999998429,0.24999999999993283,0.999999999999909,3.2500000000246616,23.1,9.124835968017578,0.0,0.0,0,166,311,3.8134765625,3.10498046875,1.912109375,0.0,0.0,0.0,0.9474999999997565,3.79,0.0,3.79,196,0,5,0,1.0,1.0000929832458496,fedora,4
159.0,1757535626.6939633,2025-09-10T16:20:25.038224,0,0,0,0,0,0,0,0,96.50000000001401,94.7500000000139,0.0,0.0,0.0,0.7500000000001457,0.0,0.9999999999999574,3.4999999999859948,23.1,9.124835968017578,0.0,0.0,0,52,311,3.8134765625,3.10498046875,1.912109375,0.0,0.0,0.0,0.947500000000139,3.79,0.0,3.79,201,0,5,0,1.0,1.0001063346862793,fedora,4
160.0,1757535627.699998,2025-09-10T16:20:26.038224,0,0,0,0,0,0,0,0,96.5000000000142,95.00000000001434,0.24999999999979838,0.0,0.0,0.7500000000001057,0.0,0.49999999999995204,3.4999999999858087,23.1,9.124835968017578,0.0,0.0,0,166,311,3.8134765625,3.10498046875,1.912109375,0.0,0.0,0.0,0.9525000000001413,3.8,0.01,3.8099999999999996,223,0,5,0,1.0,1.0001044273376465,fedora,4
161.0,1757535628.7065818,2025-09-10T16:20:27.038224,0,0,0,0,0,0,0,0,96.01990049747309,95.0248756218516,0.0,0.0,0.0,0.7462686567160195,0.0,0.24875621890545768,3.9800995025269152,23.1,9.124835968017578,0.0,0.0,132,452,311,3.8134765625,3.10498046875,1.912109375,0.0,0.0,0.0,0.950248756218516,3.82,0.0,3.82,222,0,5,0,1.0,1.000985860824585,fedora,4
162.0,1757535629.7090988,2025-09-10T16:20:28.038224,0,0,0,0,0,0,0,0,96.75810473817336,93.76558603493058,0.24937655860335783,0.0,0.0,0.7481296758107823,0.0,1.9950124688286344,3.2418952618266412,23.1,9.124835968017578,0.0,0.0,0,73,311,3.8134765625,3.10498046875,1.912109375,0.0,0.0,0.0,0.9401496259353394,3.76,0.01,3.7699999999999996,222,0,5,0,1.0,1.0001115798950195,fedora,4
163.0,1757535630.7155652,2025-09-10T16:20:29.038224,0,0,0,0,0,0,0,0,96.24060150376835,95.238095238104,0.0,0.0,0.0,0.7518796992481819,0.0,0.25062656641617936,3.7593984962316496,23.1,9.124835968017578,0.0,0.0,0,52,311,3.82861328125,3.1201171875,1.92333984375,0.0,0.0,0.0,0.9523809523810399,3.8,0.0,3.8,207,0,5,0,1.0,1.0008587837219238,fedora,4
164.0,1757535631.7178664,2025-09-10T16:20:30.038224,0,0,0,0,0,0,0,0,96.25000000000941,93.50000000000931,0.25000000000046185,0.0,0.0,0.7499999999999645,0.0,1.7499999999996803,3.7499999999905853,23.1,9.124835968017578,0.0,0.0,180,253,311,3.82861328125,3.1201171875,1.92333984375,0.0,0.0,0.0,0.9375000000000978,3.74,0.01,3.75,234,0,5,0,1.0,1.0001025199890137,fedora,4
165.0,1757535632.7201695,2025-09-10T16:20:31.038224,0,0,0,0,0,0,0,0,96.00997506234779,94.76309226933056,0.0,0.0,0.0,0.7481296758101426,0.2493765586034842,0.24937655860361707,3.9900249376522035,23.1,9.124835968017578,0.0,0.0,132,379,311,3.82861328125,3.1201171875,1.92333984375,0.0,0.0,0.0,0.9476309226933055,3.8,0.0,3.8,217,0,5,0,1.0,1.0001065731048584,fedora,4
166.0,1757535633.7225764,2025-09-10T16:20:32.038224,0,0,0,0,0,0,0,0,96.23115577885926,95.22613065323132,0.0,0.0,0.0,0.7537688442208642,0.0,0.25125628140707373,3.768844221140741,23.1,9.124835968017578,0.0,0.0,84,84,311,3.82861328125,3.1201171875,1.92333984375,0.0,0.0,0.0,0.9522613065323132,3.81,0.01,3.82,223,0,5,0,1.0,1.000108003616333,fedora,4
167.0,1757535634.7254322,2025-09-10T16:20:33.038224,0,0,0,0,0,0,0,0,92.00000000000603,90.25000000000593,0.9999999999999574,0.0,0.0,0.7500000000001457,0.0,0.0,7.999999999993975,23.1,9.132499694824219,0.0,0.0,0,218,307,3.82861328125,3.1201171875,1.92333984375,0.0,0.0,0.0,0.9125000000000588,3.61,0.04,3.65,315,2,2,0,1.0,1.0001354217529297,fedora,4
168.0,1757535635.7285676,2025-09-10T16:20:34.038224,0,0,0,0,0,0,0,0,90.47619047620795,88.47117794487983,0.751879699247641,0.0,0.0,0.7518796992483533,0.0,0.5012531328321168,9.523809523792055,23.2,9.123394012451172,0.0,1.24609375,0,166,311,3.8427734375,3.134765625,1.9345703125,0.0,0.0,0.0,0.8922305764412747,3.53,0.03,3.5599999999999996,315,4,5,0,1.0,1.0002985000610352,fedora,4
169.0,1757535636.731789,2025-09-10T16:20:35.038224,0,0,0,0,0,0,0,0,91.22807017543059,89.97493734335063,0.0,0.0,0.0,0.7518796992480534,0.0,0.5012531328319169,8.771929824569408,23.2,9.123516082763672,0.0,0.0,0,52,311,3.8427734375,3.134765625,1.9345703125,0.0,0.0,0.0,0.8997493734335064,3.59,0.0,3.59,211,0,5,0,1.0,1.000086784362793,fedora,4
170.0,1757535637.738738,2025-09-10T16:20:36.038224,0,0,0,0,0,0,0,0,91.47869674185061,90.47619047618626,0.0,0.0,0.0,0.7518796992481819,0.0,0.25062656641617936,8.521303258149386,23.2,9.123516082763672,0.0,0.0,0,166,311,3.8427734375,3.134765625,1.9345703125,0.0,0.0,0.0,0.9047619047618626,3.61,0.0,3.61,208,0,4,0,1.0,1.0000860691070557,fedora,4
171.0,1757535638.74099,2025-09-10T16:20:37.038224,0,0,0,0,0,0,0,0,91.27182044887078,90.02493765585378,0.0,0.0,0.0,0.7481296758103269,0.24937655860347183,0.24937655860320604,8.728179551129221,23.2,9.123516082763672,0.0,0.0,0,125,311,3.8427734375,3.134765625,1.9345703125,0.0,0.0,0.0,0.9002493765585378,3.61,0.0,3.61,230,0,5,0,1.0,1.0001029968261719,fedora,4
172.0,1757535639.7435699,2025-09-10T16:20:38.038224,0,0,0,0,0,0,0,0,91.75000000000055,90.0000000000001,0.0,0.0,0.0,0.750000000000143,0.0,1.000000000000309,8.24999999999944,23.2,9.123516082763672,0.0,0.0,0,73,311,3.8427734375,3.134765625,1.9345703125,0.0,0.0,0.0,0.900000000000001,3.6,0.0,3.6,228,0,5,0,1.0,1.0004100799560547,fedora,4
173.0,1757535640.7515643,2025-09-10T16:20:39.038224,0,0,0,0,0,0,0,0,91.54228855721036,90.04975124377783,0.24875621890524485,0.0,0.0,0.7462686567164417,0.0,0.49751243781084326,8.457711442789638,23.2,9.123516082763672,0.0,0.2109375,0,52,312,3.85546875,3.1494140625,1.94580078125,0.0,0.0,0.0,0.9029850746268308,3.62,0.01,3.63,238,1,5,0,1.0,1.0015921592712402,fedora,4
174.0,1757535641.7537756,2025-09-10T16:20:40.038224,0,0,0,0,0,0,0,0,92.23057644111388,90.4761904762014,0.0,0.0,0.0,0.5012531328320864,0.0,1.2531328320803943,7.769423558886121,23.2,9.123516082763672,0.0,0.0,0,73,312,3.85546875,3.1494140625,1.94580078125,0.0,0.0,0.0,0.9047619047620139,3.61,0.0,3.61,188,0,5,0,1.0,1.0000879764556885,fedora,4
175.0,1757535642.755897,2025-09-10T16:20:41.038224,0,0,0,0,0,0,0,0,91.04477611939116,89.80099502486352,0.24875621890587976,0.0,0.0,0.7462686567162253,0.0,0.24875621890552627,8.955223880608845,23.2,9.123516082763672,0.0,0.0,0,52,312,3.85546875,3.1494140625,1.94580078125,0.0,0.0,0.0,0.900497512437694,3.61,0.01,3.6199999999999997,202,0,4,0,1.0,1.0000886917114258,fedora,4
176.0,1757535643.7581098,2025-09-10T16:20:42.038224,0,0,0,0,0,0,0,0,90.97744360904953,90.22556390980104,0.0,0.0,0.0,0.7518796992484844,0.0,0.0,9.022556390950472,23.2,9.123516082763672,0.0,0.0,180,90,312,3.85546875,3.1494140625,1.94580078125,0.0,0.0,0.0,0.9022556390980104,3.6,0.0,3.6,209,0,5,0,1.0,1.000129222869873,fedora,4
177.0,1757535644.7640572,2025-09-10T16:20:43.038224,0,0,0,0,0,0,0,0,91.47869674185114,89.72431077693905,0.25062656641580805,0.0,0.0,0.7518796992481364,0.0,0.7518796992481364,8.521303258148869,23.2,9.123516082763672,0.0,0.0,0,218,312,3.85546875,3.1494140625,1.94580078125,0.0,0.0,0.0,0.8997493734335485,3.57,0.01,3.5799999999999996,237,0,5,0,1.0,1.0011544227600098,fedora,4
178.0,1757535645.770566,2025-09-10T16:20:44.038224,0,0,0,0,0,0,0,0,91.02244389026242,90.02493765584859,0.0,0.0,0.0,0.7481296758102839,0.0,0.24937655860354607,8.97755610973758,23.2,9.123516082763672,0.0,0.0,0,166,312,3.8671875,3.16357421875,1.95703125,0.0,0.0,0.0,0.9002493765584859,3.61,0.0,3.61,203,0,5,0,1.0,1.000450611114502,fedora,4
179.0,1757535646.7728934,2025-09-10T16:20:45.038224,0,0,0,0,0,0,0,0,92.0000000000074,90.00000000000762,0.24999999999976852,0.0,0.0,0.7500000000000161,0.24999999999999056,0.7500000000000161,7.999999999992593,23.2,9.123516082763672,0.0,0.0,0,218,312,3.8671875,3.16357421875,1.95703125,0.0,0.0,0.0,0.9025000000000739,3.6,0.01,3.61,239,0,4,0,1.0,1.000136375427246,fedora,4
180.0,1757535647.77576,2025-09-10T16:20:46.038224,0,0,0,0,0,0,0,0,91.49999999999642,90.49999999999663,0.0,0.0,0.0,0.7500000000000231,0.0,0.24999999999977085,8.500000000003578,23.2,9.123516082763672,0.0,0.00390625,0,0,312,3.8671875,3.16357421875,1.95703125,0.0,0.0,0.0,0.9049999999999663,3.62,0.0,3.62,204,0,5,0,1.0,1.0001564025878906,fedora,4
181.0,1757535648.7822914,2025-09-10T16:20:47.038224,0,0,0,0,0,0,0,0,91.02244389026197,89.77556109724418,0.2493765586039128,0.0,0.0,0.748129675810321,0.0,0.24937655860355845,8.977556109738027,23.2,9.123516082763672,0.0,0.0,0,125,312,3.8671875,3.16357421875,1.95703125,0.0,0.0,0.0,0.9002493765584809,3.59,0.01,3.5999999999999996,241,0,5,0,1.0,1.000091791152954,fedora,4
182.0,1757535649.7865977,2025-09-10T16:20:48.038224,0,0,0,0,0,0,0,0,88.72180451130184,86.46616541355772,0.5012531328317892,0.0,0.0,0.75187969924804,0.0,1.002506265664291,11.278195488698161,23.0,9.138629913330078,0.0,0.0,0,73,308,3.8671875,3.16357421875,1.95703125,0.0,0.0,0.0,0.8696741854638951,3.45,0.02,3.47,287,1,2,0,1.0,1.0003890991210938,fedora,4
183.0,1757535650.7915823,2025-09-10T16:20:49.038224,0,0,0,0,0,0,0,0,83.29177057356459,81.04738154613312,0.9975062344137477,0.0,0.0,0.748129675810488,0.0,0.49875311720722826,16.708229426435413,23.2,9.123710632324219,0.0,0.0,0,125,312,3.8779296875,3.177734375,1.96826171875,0.0,0.0,0.0,0.8204488778054687,3.25,0.04,3.29,280,5,5,0,1.0,1.0002460479736328,fedora,4
184.0,1757535651.7974327,2025-09-10T16:20:50.038224,0,0,0,0,0,0,0,0,86.43216080400065,85.67839195977966,0.0,0.0,0.0,0.5025125628142354,0.0,0.25125628140676065,13.567839195999355,23.2,9.123710632324219,0.0,0.0,0,0,312,3.8779296875,3.177734375,1.96826171875,0.0,0.0,0.0,0.8567839195977967,3.41,0.0,3.41,201,0,4,0,1.0,1.0001311302185059,fedora,4
185.0,1757535652.8005707,2025-09-10T16:20:51.038224,0,0,0,0,0,0,0,0,85.82089552239627,84.57711442786848,0.2487562189059364,0.0,0.0,0.7462686567163952,0.24875621890545035,0.0,14.179104477603733,23.2,9.123710632324219,0.0,0.0,0,52,312,3.8779296875,3.177734375,1.96826171875,0.0,0.0,0.0,0.8482587064677442,3.4,0.01,3.4099999999999997,192,0,4,0,1.0,1.0007426738739014,fedora,4
186.0,1757535653.8049088,2025-09-10T16:20:52.038224,0,0,0,0,0,0,0,0,86.50000000002068,85.50000000002065,0.0,0.0,0.0,0.7499999999998384,0.0,0.25000000000018296,13.499999999979325,23.2,9.123710632324219,0.0,0.0,0,0,312,3.8779296875,3.177734375,1.96826171875,0.0,0.0,0.0,0.8550000000002065,3.42,0.0,3.42,223,0,4,0,1.0,1.00010347366333,fedora,4
187.0,1757535654.8072512,2025-09-10T16:20:53.038224,0,0,0,0,0,0,0,0,86.64987405540319,85.64231738034036,0.0,0.0,0.0,0.5037783375315907,0.0,0.5037783375312328,13.350125944596819,23.2,9.123710632324219,0.0,0.0,0,218,312,3.8779296875,3.177734375,1.96826171875,0.0,0.0,0.0,0.8564231738034036,3.4,0.0,3.4,250,0,3,0,1.0,1.0001380443572998,fedora,4
188.0,1757535655.8095772,2025-09-10T16:20:54.038224,0,0,0,0,0,0,0,0,86.8159203980346,84.82587064679022,0.2487562189053275,0.0,0.0,0.7462686567166896,0.0,0.9950248756223707,13.184079601965394,23.2,9.123710632324219,0.0,0.0,0,166,312,3.88818359375,3.19140625,1.9794921875,0.0,0.0,0.0,0.8507462686569555,3.41,0.01,3.42,190,0,4,0,1.0,1.0001816749572754,fedora,4
189.0,1757535656.8120224,2025-09-10T16:20:55.038224,0,0,0,0,0,0,0,0,86.74999999998457,84.99999999998487,0.0,0.0,0.0,0.7499999999999751,0.0,0.9999999999997299,13.25000000001543,23.2,9.123710632324219,0.0,0.0,0,52,312,3.88818359375,3.19140625,1.9794921875,0.0,0.0,0.0,0.8499999999998487,3.4,0.0,3.4,223,0,5,0,1.0,1.0000910758972168,fedora,4
190.0,1757535657.8185985,2025-09-10T16:20:56.038224,0,0,0,0,0,0,0,0,86.28428927682629,85.03740648380857,0.0,0.0,0.0,0.7481296758104933,0.0,0.4987531172072317,13.715710723173713,23.2,9.123710632324219,0.0,0.0,0,166,312,3.88818359375,3.19140625,1.9794921875,0.0,0.0,0.0,0.8503740648380856,3.41,0.0,3.41,212,0,5,0,1.0,1.000732183456421,fedora,4
191.0,1757535658.821892,2025-09-10T16:20:57.038224,0,0,0,0,0,0,0,0,86.3184079601757,85.07462686564948,0.2487562189051763,0.0,0.0,0.7462686567158824,0.0,0.2487562189051763,13.68159203982429,23.2,9.123710632324219,0.0,0.0,0,125,312,3.88818359375,3.19140625,1.9794921875,0.0,0.0,0.0,0.8532338308455465,3.42,0.01,3.4299999999999997,245,0,4,0,1.0,1.000115156173706,fedora,4
192.0,1757535659.8265676,2025-09-10T16:20:58.038224,0,0,0,0,0,0,0,0,86.96741854639632,85.71428571431542,0.0,0.0,0.0,0.7518796992483935,0.0,0.5012531328324997,13.032581453603678,23.2,9.123710632324219,0.0,0.0,0,73,312,3.88818359375,3.19140625,1.9794921875,0.0,0.0,0.0,0.8571428571431542,3.42,0.0,3.42,210,0,5,0,1.0,1.0025484561920166,fedora,4
193.0,1757535660.8291085,2025-09-10T16:20:59.038224,0,0,0,0,0,0,0,0,86.31840796017438,84.577114427836,0.24875621890590735,0.0,0.0,0.746268656716308,0.2487562189054213,0.49751243781075427,13.681592039825613,23.2,9.123710632324219,0.0,0.0,0,52,312,3.81689453125,3.18798828125,1.9853515625,0.0,0.0,0.0,0.8482587064674191,3.4,0.01,3.4099999999999997,312,0,4,0,1.0,1.000157117843628,fedora,4
194.0,1757535661.8318794,2025-09-10T16:21:00.038224,0,0,0,0,0,0,0,0,86.5000000000223,85.00000000002217,0.0,0.0,0.25000000000006417,0.7500000000001037,0.0,0.49999999999995076,13.499999999977707,23.2,9.123710632324219,0.0,0.06640625,0,73,312,3.81689453125,3.18798828125,1.9853515625,0.0,0.0,0.0,0.8500000000002217,3.4,0.0,3.4,230,1,3,0,1.0,1.000195026397705,fedora,4
195.0,1757535662.8342009,2025-09-10T16:21:01.038224,0,0,0,0,0,0,0,0,86.4661654135167,85.21303258143737,0.2506265664157241,0.0,0.0,0.5012531328318044,0.0,0.5012531328318044,13.533834586483293,23.2,9.123710632324219,0.0,0.0,0,52,312,3.81689453125,3.18798828125,1.9853515625,0.0,0.0,0.0,0.8546365914785309,3.4,0.01,3.4099999999999997,207,0,5,0,1.0,1.0000982284545898,fedora,4
196.0,1757535663.8392017,2025-09-10T16:21:02.038224,0,0,0,0,0,0,0,0,85.96491228071466,85.2130325814665,0.0,0.0,0.0,0.7518796992481417,0.0,0.0,14.03508771928535,23.2,9.123710632324219,0.0,0.0,0,0,312,3.81689453125,3.18798828125,1.9853515625,0.0,0.0,0.0,0.8521303258146651,3.4,0.0,3.4,235,0,4,0,1.0,1.0000991821289062,fedora,4
197.0,1757535664.8442452,2025-09-10T16:21:03.038224,0,0,0,0,0,0,0,0,86.68341708541473,85.42713567837966,0.0,0.0,0.0,0.7537688442209046,0.0,0.5025125628141744,13.316582914585261,23.2,9.123710632324219,0.0,0.0,0,218,312,3.81689453125,3.18798828125,1.9853515625,0.0,0.0,0.0,0.8542713567837965,3.4,0.0,3.4,285,0,5,0,1.0,1.0001018047332764,fedora,4
198.0,1757535665.8485699,2025-09-10T16:21:04.038224,0,0,0,0,0,0,0,0,77.61194029851436,74.62686567164899,1.4925373134323292,0.0,0.0,0.7462686567165182,0.0,0.7462686567165182,22.388059701485645,23.1,9.123950958251953,0.0,0.0,0,166,312,3.59130859375,3.1513671875,1.97998046875,0.0,0.0,0.0,0.7611940298508131,3.0,0.06,3.06,274,6,5,0,1.0,1.0001120567321777,fedora,4
199.0,1757535666.8542109,2025-09-10T16:21:05.038224,0,0,0,0,0,0,0,0,85.03740648378528,81.7955112219406,1.4962593516206226,0.0,0.0,0.7481296758103113,0.24937655860342237,0.7481296758103113,14.962593516214731,23.1,9.123950958251953,0.0,0.0,944,1148,312,3.59130859375,3.1513671875,1.97998046875,0.0,0.0,0.0,0.8329177057356122,3.28,0.06,3.34,653,26,5,0,1.0,1.0000979900360107,fedora,4
